【整租】古北 C9连锁公寓天山 1室1厅,【整租】古北,4300,http://sh.58.com/pinpaigongyu/29016900118453x.shtml
【整租】嘉定城区 胜悦嘉苑 3室1厅,胜悦嘉苑,3800,http://sh.58.com/pinpaigongyu/29016654012593x.shtml
【整租】马陆 金沙湾绿地和苑 3室1厅,金沙湾绿地和苑,4350,http://sh.58.com/pinpaigongyu/29017415407673x.shtml
【整租】王港 金枫公寓 1室1厅,【整租】王港,3000,http://sh.58.com/pinpaigongyu/29019341249740x.shtml
【整租】古北 C9连锁公寓天山 1室1厅,【整租】古北,4300,http://sh.58.com/pinpaigongyu/28983213742157x.shtml
【整租】菊园新区 柳湖景庭 3室1厅,柳湖景庭,3750,http://sh.58.com/pinpaigongyu/29028112883641x.shtml
【整租】上海大学 丰宝苑 2室1厅,丰宝苑,3950,http://sh.58.com/pinpaigongyu/29018369715919x.shtml
【整租】新天地 翠湖天地御苑 1室1厅,翠湖天地御苑,3040,http://sh.58.com/pinpaigongyu/29006319268538x.shtml
【整租】高境 atway遇道 1室1厅,atway遇道,3200,http://sh.58.com/pinpaigongyu/28986537041356x.shtml
【整租】高境 atway遇道 1室1厅,atway遇道,3200,http://sh.58.com/pinpaigongyu/28986559722938x.shtml
【整租】金桥 金泰小区 1室0厅,金泰小区,3499,http://sh.58.com/pinpaigongyu/28939041577414x.shtml
【整租】闸北周边 延长小区 1室1厅,延长小区,4000,http://sh.58.com/pinpaigongyu/28740189517356x.shtml
【整租】江浦路 霍山路 1室1厅,霍山路,3680,http://sh.58.com/pinpaigongyu/29017505875274x.shtml
【整租】武宁路 百合公寓 1室0厅,【整租】武宁路,3080,http://sh.58.com/pinpaigongyu/28995108482252x.shtml
【整租】闸北周边 延长小区 1室1厅,延长小区,3500,http://sh.58.com/pinpaigongyu/28607192445487x.shtml
【合租】徐家汇 阳光名邸 4室主卧,阳光名邸,3090,http://sh.58.com/pinpaigongyu/28961790102984x.shtml
【整租】杨浦大桥 霍山路优家 1室1厅,霍山路优家,3680,http://sh.58.com/pinpaigongyu/28989326430519x.shtml
【合租】龙华 住友公寓 4室主卧,【合租】龙华,3490,http://sh.58.com/pinpaigongyu/28700300948557x.shtml
【整租】长阳路 霍山路优家 1室1厅,霍山路优家,3280,http://sh.58.com/pinpaigongyu/28989335344825x.shtml
【合租】龙华 龙漕路6弄小区 3室主卧,龙漕路6弄小区,3290,http://sh.58.com/pinpaigongyu/29030700084659x.shtml
【整租】菊园新区 柳湖景庭 3室1厅,柳湖景庭,3750,http://sh.58.com/pinpaigongyu/29028112883641x.shtml
【整租】徐家汇 百安小区 1室1厅,百安小区,4800,http://sh.58.com/pinpaigongyu/28975802342215x.shtml
【整租】周浦 东南三村 2室1厅,东南三村,3300,http://sh.58.com/pinpaigongyu/28976027917867x.shtml
【整租】上海大学 丰宝苑 2室1厅,丰宝苑,3950,http://sh.58.com/pinpaigongyu/29018369715919x.shtml
【整租】唐镇 金利公寓 1室1厅,【整租】唐镇,4100,http://sh.58.com/pinpaigongyu/28983812822059x.shtml
【整租】新天地 翠湖天地御苑 1室1厅,翠湖天地御苑,3040,http://sh.58.com/pinpaigongyu/29006319268538x.shtml
【整租】宜川路 泰山三村 1室0厅,泰山三村,3500,http://sh.58.com/pinpaigongyu/28972838315844x.shtml
【整租】高境 atway遇道 1室1厅,atway遇道,3200,http://sh.58.com/pinpaigongyu/28986537041356x.shtml
【整租】外高桥 阳光城MODO自 1室1厅,阳光城MODO自,4600,http://sh.58.com/pinpaigongyu/29006029572413x.shtml
【整租】高境 atway遇道 1室1厅,atway遇道,3200,http://sh.58.com/pinpaigongyu/28986559722938x.shtml
【整租】黄兴 五星大厦 1室1厅,五星大厦,4680,http://sh.58.com/pinpaigongyu/29034237377609x.shtml
【整租】田林 未来域壹极公寓 1室1厅,【整租】田林,3800,http://sh.58.com/pinpaigongyu/28607522566186x.shtml
【整租】田林 未来域壹极公寓 1室1厅,【整租】田林,3700,http://sh.58.com/pinpaigongyu/28644815123143x.shtml
【整租】西藏北路 城家公寓(中华新 1室0厅,【整租】西藏北路,3900,http://sh.58.com/pinpaigongyu/28619894925136x.shtml
【整租】张江 城家公寓 1室0厅,【整租】张江,3150,http://sh.58.com/pinpaigongyu/28620191539529x.shtml
【整租】田林 未来域壹极公寓 1室1厅,【整租】田林,5000,http://sh.58.com/pinpaigongyu/28654435900747x.shtml
【整租】共康 卓越时代广场 1室1厅,卓越时代广场,3880,http://sh.58.com/pinpaigongyu/28972935478075x.shtml
【合租】新华路 虹桥中山广场 4室次卧,虹桥中山广场,3150,http://sh.58.com/pinpaigongyu/28954287203375x.shtml
【整租】武宁路 百合公寓 1室0厅,【整租】武宁路,4080,http://sh.58.com/pinpaigongyu/28995060796869x.shtml
【整租】临平路 香港丽园 1室1厅,香港丽园,3680,http://sh.58.com/pinpaigongyu/28821596486191x.shtml
【整租】唐镇 金利公寓 1室1厅,【整租】唐镇,4100,http://sh.58.com/pinpaigongyu/28983812822059x.shtml
【整租】新天地 翠湖天地御苑 1室1厅,翠湖天地御苑,3040,http://sh.58.com/pinpaigongyu/29006319268538x.shtml
【整租】宜川路 泰山三村 1室0厅,泰山三村,3500,http://sh.58.com/pinpaigongyu/28972838315844x.shtml
【整租】高境 atway遇道 1室1厅,atway遇道,3200,http://sh.58.com/pinpaigongyu/28986537041356x.shtml
【整租】外高桥 阳光城MODO自 1室1厅,阳光城MODO自,4600,http://sh.58.com/pinpaigongyu/29006029572413x.shtml
【整租】南京东路 中福大厦 1室0厅,中福大厦,4800,http://sh.58.com/pinpaigongyu/28972485669167x.shtml
【整租】凌云路 C9连锁公寓 1室1厅,【整租】凌云路,3000,http://sh.58.com/pinpaigongyu/28751173041862x.shtml
【整租】高境 atway遇道 1室1厅,atway遇道,3200,http://sh.58.com/pinpaigongyu/28986559722938x.shtml
【整租】嘉定城区 胜悦嘉苑 3室1厅,胜悦嘉苑,3800,http://sh.58.com/pinpaigongyu/29017016796337x.shtml
【整租】罗店 美罗家园润苑 3室1厅,美罗家园润苑,3000,http://sh.58.com/pinpaigongyu/28963288611887x.shtml
【整租】闸北周边 延长小区 1室1厅,延长小区,3500,http://sh.58.com/pinpaigongyu/28799285482554x.shtml
【整租】田林 未来域壹极公寓 1室1厅,【整租】田林,3500,http://sh.58.com/pinpaigongyu/28566115923130x.shtml
【整租】五角场 仁德路67弄10 1室1厅,仁德路67弄10,4680,http://sh.58.com/pinpaigongyu/29034223008817x.shtml
【整租】武宁路 百合公寓 1室0厅,【整租】武宁路,4080,http://sh.58.com/pinpaigongyu/28995057493174x.shtml
【整租】田林 未来域壹极公寓 1室1厅,【整租】田林,4168,http://sh.58.com/pinpaigongyu/28653243833931x.shtml
【合租】斜土路 新亚徐汇公寓 3室主卧,【合租】斜土路,3660,http://sh.58.com/pinpaigongyu/28954138500919x.shtml
【整租】闸北公园 平型关 1室1厅,平型关,4500,http://sh.58.com/pinpaigongyu/28799304120144x.shtml
【整租】田林 未来域壹极公寓 1室1厅,【整租】田林,3968,http://sh.58.com/pinpaigongyu/28566466040388x.shtml
【合租】龙华 龙漕家园 3室主卧,龙漕家园,3190,http://sh.58.com/pinpaigongyu/28699149529913x.shtml
【合租】康建 南天公寓 3室次卧,【合租】康建,3250,http://sh.58.com/pinpaigongyu/28954192038205x.shtml
【整租】新天地 翠湖天地御苑 1室1厅,翠湖天地御苑,3040,http://sh.58.com/pinpaigongyu/29006319268538x.shtml
【整租】宜川路 泰山三村 1室0厅,泰山三村,3500,http://sh.58.com/pinpaigongyu/28972838315844x.shtml
【整租】通河新村 V+SPACE国 1室1厅,V+SPACE国,3860,http://sh.58.com/pinpaigongyu/28940649827908x.shtml
【整租】高境 atway遇道 1室1厅,atway遇道,3200,http://sh.58.com/pinpaigongyu/28986537041356x.shtml
【整租】外高桥 阳光城MODO自 1室1厅,阳光城MODO自,4600,http://sh.58.com/pinpaigongyu/29006029572413x.shtml
【整租】南翔 翔瑞新苑 3室1厅,翔瑞新苑,4350,http://sh.58.com/pinpaigongyu/28942220132019x.shtml
【整租】南京东路 中福大厦 1室0厅,中福大厦,4800,http://sh.58.com/pinpaigongyu/28972485669167x.shtml
【整租】月浦 新月鸿锦苑 3室1厅,新月鸿锦苑,3100,http://sh.58.com/pinpaigongyu/28740040918348x.shtml
【整租】凌云路 C9连锁公寓 1室1厅,【整租】凌云路,3000,http://sh.58.com/pinpaigongyu/28751173041862x.shtml
【整租】华东理工 C9连锁公寓 1室1厅,【整租】华东理工,3000,http://sh.58.com/pinpaigongyu/28763183289026x.shtml
【整租】中原 市光三村 1室1厅,市光三村,4680,http://sh.58.com/pinpaigongyu/29034246327494x.shtml
【整租】闸北周边 延长小区 1室1厅,延长小区,3000,http://sh.58.com/pinpaigongyu/28673787267519x.shtml
【合租】徐家汇 阳光名邸 3室次卧,阳光名邸,3000,http://sh.58.com/pinpaigongyu/28954102018347x.shtml
【合租】万体馆 宜德苑 3室次卧,宜德苑,3000,http://sh.58.com/pinpaigongyu/28954123082190x.shtml
【整租】东外滩 霍山路 1室1厅,霍山路,3680,http://sh.58.com/pinpaigongyu/28532977946424x.shtml
【合租】世纪公园 花木鑫丰苑 4室次卧,花木鑫丰苑,3180,http://sh.58.com/pinpaigongyu/29038993808970x.shtml
【整租】东外滩 现代星洲城一期 1室1厅,现代星洲城一期,3680,http://sh.58.com/pinpaigongyu/28821546615611x.shtml
【合租】田林 田林十四村 3室主卧,田林十四村,3030,http://sh.58.com/pinpaigongyu/28775470378574x.shtml
【整租】田林 未来域 壹极公寓 1室0厅,未来域,3768,http://sh.58.com/pinpaigongyu/28578275132202x.shtml
【整租】江浦路 霍山路 1室1厅,霍山路,3680,http://sh.58.com/pinpaigongyu/28982788629955x.shtml
【整租】上海大学 丰宝苑 2室1厅,丰宝苑,3950,http://sh.58.com/pinpaigongyu/29018369715919x.shtml
【整租】唐镇 金利公寓 1室1厅,【整租】唐镇,4100,http://sh.58.com/pinpaigongyu/28983812822059x.shtml
【整租】新天地 翠湖天地御苑 1室1厅,翠湖天地御苑,3040,http://sh.58.com/pinpaigongyu/29006319268538x.shtml
【整租】宜川路 泰山三村 1室0厅,泰山三村,3500,http://sh.58.com/pinpaigongyu/28972838315844x.shtml
【整租】北新泾 C9连锁公寓 1室1厅,【整租】北新泾,4000,http://sh.58.com/pinpaigongyu/28719433278380x.shtml
【合租】徐家汇 凯歌公寓 3室主卧,【合租】徐家汇,3160,http://sh.58.com/pinpaigongyu/28610664361800x.shtml
【整租】通河新村 V+SPACE国 1室1厅,V+SPACE国,3860,http://sh.58.com/pinpaigongyu/28940649827908x.shtml
【整租】高境 atway遇道 1室1厅,atway遇道,3200,http://sh.58.com/pinpaigongyu/28986537041356x.shtml
【整租】外高桥 阳光城MODO自 1室1厅,阳光城MODO自,4600,http://sh.58.com/pinpaigongyu/29006029572413x.shtml
【整租】南翔 翔瑞新苑 3室1厅,翔瑞新苑,4350,http://sh.58.com/pinpaigongyu/28942220132019x.shtml
【合租】徐家汇 阳光名邸 4室主卧,阳光名邸,4390,http://sh.58.com/pinpaigongyu/28543934452414x.shtml
【整租】五角场 军工路1508号 1室1厅,军工路1508号,3200,http://sh.58.com/pinpaigongyu/28575654769587x.shtml
【合租】张江 张江公馆 3室主卧,张江公馆,3500,http://sh.58.com/pinpaigongyu/28662197884100x.shtml
【整租】豫园 共和园 1室0厅,共和园,4500,http://sh.58.com/pinpaigongyu/29008407375924x.shtml
【整租】人民广场 霍山路优家 1室1厅,霍山路优家,3680,http://sh.58.com/pinpaigongyu/29022388862416x.shtml
【整租】陆家嘴 惠扬大厦 1室1厅,惠扬大厦,3680,http://sh.58.com/pinpaigongyu/28821717552960x.shtml
【整租】五角场 城家公寓 1室1厅,【整租】五角场,3130,http://sh.58.com/pinpaigongyu/29018420708036x.shtml
【整租】田林 未来域壹极公寓 1室0厅,【整租】田林,4200,http://sh.58.com/pinpaigongyu/28577713998775x.shtml
【整租】东外滩 长阳新苑 1室1厅,长阳新苑,3330,http://sh.58.com/pinpaigongyu/28577798701492x.shtml
【合租】万体馆 宏润国际花园 4室次卧,宏润国际花园,3000,http://sh.58.com/pinpaigongyu/28954149429802x.shtml
【合租】徐家汇 凯歌公寓 3室主卧,【合租】徐家汇,3160,http://sh.58.com/pinpaigongyu/28610664361800x.shtml
【整租】通河新村 V+SPACE国 1室1厅,V+SPACE国,3860,http://sh.58.com/pinpaigongyu/28940649827908x.shtml
【整租】王港 鑫港苑 3室1厅,鑫港苑,4500,http://sh.58.com/pinpaigongyu/28607628143539x.shtml
【整租】高境 atway遇道 1室1厅,atway遇道,3200,http://sh.58.com/pinpaigongyu/28986537041356x.shtml
【整租】外高桥 阳光城MODO自 1室1厅,阳光城MODO自,4600,http://sh.58.com/pinpaigongyu/29006029572413x.shtml
【整租】南翔 翔瑞新苑 3室1厅,翔瑞新苑,4350,http://sh.58.com/pinpaigongyu/28942220132019x.shtml
【合租】徐家汇 海螺花园 3室主卧,海螺花园,3590,http://sh.58.com/pinpaigongyu/28554765726669x.shtml
【整租】南京东路 中福大厦 1室0厅,中福大厦,4800,http://sh.58.com/pinpaigongyu/28972485669167x.shtml
【整租】金桥 c9连锁公寓金桥 1室1厅,【整租】金桥,3000,http://sh.58.com/pinpaigongyu/28686961134542x.shtml
【合租】徐家汇 金轩公寓 3室主卧,【合租】徐家汇,3190,http://sh.58.com/pinpaigongyu/28611310904013x.shtml
【整租】江浦路 霍山路 1室1厅,霍山路,3680,http://sh.58.com/pinpaigongyu/28988294805167x.shtml
【整租】东外滩 霍山路 1室1厅,霍山路,3680,http://sh.58.com/pinpaigongyu/29022399859518x.shtml
【整租】张江 兰沁苑 1室1厅,兰沁苑,4500,http://sh.58.com/pinpaigongyu/28543956514991x.shtml
【整租】碧云 信和花园 1室1厅,信和花园,3399,http://sh.58.com/pinpaigongyu/29005940397520x.shtml
【整租】江浦路 霍山路 1室1厅,霍山路,3280,http://sh.58.com/pinpaigongyu/28988088744646x.shtml
【合租】龙华 龙缘公寓 3室主卧,【合租】龙华,3290,http://sh.58.com/pinpaigongyu/28954146848845x.shtml
【合租】漕河泾 泰成花苑 3室主卧,泰成花苑,3590,http://sh.58.com/pinpaigongyu/29030598141127x.shtml
【整租】闸北周边 延长小区 1室1厅,延长小区,3500,http://sh.58.com/pinpaigongyu/28799239226572x.shtml
【整租】菊园新区 柳湖景庭 3室1厅,柳湖景庭,3100,http://sh.58.com/pinpaigongyu/28972332786615x.shtml
【整租】周家嘴路 霍山路1200弄 1室1厅,霍山路1200弄,3680,http://sh.58.com/pinpaigongyu/28989189277505x.shtml
【整租】南京东路 中福大厦 1室0厅,中福大厦,4800,http://sh.58.com/pinpaigongyu/28972485669167x.shtml
【整租】金桥 c9连锁公寓金桥 1室1厅,【整租】金桥,3000,http://sh.58.com/pinpaigongyu/28686961134542x.shtml
【合租】徐家汇 金轩公寓 3室主卧,【合租】徐家汇,3190,http://sh.58.com/pinpaigongyu/28611310904013x.shtml
【合租】漕河泾 泰成花苑 3室次卧,泰成花苑,3090,http://sh.58.com/pinpaigongyu/28556237027379x.shtml
【整租】月浦 新月鸿锦苑 3室1厅,新月鸿锦苑,3100,http://sh.58.com/pinpaigongyu/28740040918348x.shtml
【整租】江桥新城 嘉海雅苑 3室1厅,嘉海雅苑,4200,http://sh.58.com/pinpaigongyu/28707759931962x.shtml
【整租】马陆 金沙湾绿地和苑 3室1厅,金沙湾绿地和苑,4100,http://sh.58.com/pinpaigongyu/28532501359275x.shtml
【整租】凌云路 C9连锁公寓 1室1厅,【整租】凌云路,3000,http://sh.58.com/pinpaigongyu/28751173041862x.shtml
【整租】华东理工 C9连锁公寓 1室1厅,【整租】华东理工,3000,http://sh.58.com/pinpaigongyu/28763183289026x.shtml
【整租】高境 atway遇道 1室1厅,atway遇道,3200,http://sh.58.com/pinpaigongyu/28986559722938x.shtml
【整租】仙霞 仙逸小区 1室1厅,仙逸小区,4200,http://sh.58.com/pinpaigongyu/29008510372815x.shtml
【整租】运光/复旦 霍山路 1室1厅,霍山路,3680,http://sh.58.com/pinpaigongyu/29017532070597x.shtml
【整租】平凉路 霍山路1188弄 1室1厅,霍山路1188弄,3680,http://sh.58.com/pinpaigongyu/28983014017479x.shtml
【合租】龙华 住友公寓 3室次卧,【合租】龙华,3190,http://sh.58.com/pinpaigongyu/28954185741619x.shtml
【整租】共康 卓越时代广场 1室1厅,卓越时代广场,3680,http://sh.58.com/pinpaigongyu/28972900976562x.shtml
【整租】金桥 金东名苑 1室1厅,金东名苑,3999,http://sh.58.com/pinpaigongyu/29005925546665x.shtml
【整租】嘉定城区 胜悦嘉苑 4室1厅,胜悦嘉苑,4500,http://sh.58.com/pinpaigongyu/28972334370345x.shtml
【整租】金桥 新紫茂国际 1室1厅,新紫茂国际,3680,http://sh.58.com/pinpaigongyu/28917825602872x.shtml
【整租】新华医院 霍山路优家 2室1厅,霍山路优家,3280,http://sh.58.com/pinpaigongyu/28989387215942x.shtml
【合租】徐家汇 阳光名邸 4室次卧,阳光名邸,3190,http://sh.58.com/pinpaigongyu/28961794718380x.shtml
【整租】高境 atway遇道 1室1厅,atway遇道,3200,http://sh.58.com/pinpaigongyu/28986559722938x.shtml
【整租】嘉定城区 胜悦嘉苑 3室1厅,胜悦嘉苑,4500,http://sh.58.com/pinpaigongyu/28951062993992x.shtml
【整租】华泾 滨江108 1室1厅,滨江108,3005,http://sh.58.com/pinpaigongyu/28598245039686x.shtml
【合租】田林 明佳公寓 3室主卧,【合租】田林,3090,http://sh.58.com/pinpaigongyu/28555334415405x.shtml
【整租】罗店 宝欣苑一村(罗南 4室2厅,宝欣苑一村(罗南,4200,http://sh.58.com/pinpaigongyu/28955747731243x.shtml
【整租】嘉定城区 胜悦嘉苑 3室1厅,胜悦嘉苑,3800,http://sh.58.com/pinpaigongyu/29017016796337x.shtml
【整租】古北 C9连锁公寓天山 1室1厅,【整租】古北,4000,http://sh.58.com/pinpaigongyu/28707556504517x.shtml
【整租】罗店 美罗家园润苑 3室1厅,美罗家园润苑,3000,http://sh.58.com/pinpaigongyu/28963288611887x.shtml
【整租】张江 v+space国 1室1厅,v+space国,3000,http://sh.58.com/pinpaigongyu/28631402136382x.shtml
【整租】王港 阳光花城同馨苑 1室1厅,阳光花城同馨苑,3050,http://sh.58.com/pinpaigongyu/29019411721284x.shtml
【整租】长阳路 霍山路1191弄 1室1厅,霍山路1191弄,3680,http://sh.58.com/pinpaigongyu/28989197228870x.shtml
【合租】龙华 佳信徐汇公寓 4室主卧,【合租】龙华,3790,http://sh.58.com/pinpaigongyu/28954556510015x.shtml
【合租】田林 田林十三村 3室主卧,田林十三村,3090,http://sh.58.com/pinpaigongyu/28775462378189x.shtml
【合租】新华路 凯旋公寓 3室主卧,【合租】新华路,3000,http://sh.58.com/pinpaigongyu/28676564406327x.shtml
【整租】平凉路 霍山路1188弄 1室1厅,霍山路1188弄,3680,http://sh.58.com/pinpaigongyu/28989309053002x.shtml
【整租】田林 未来域 壹极公寓 1室0厅,未来域,4168,http://sh.58.com/pinpaigongyu/28578316710958x.shtml
【合租】江浦路 霍新小区 1室主卧,霍新小区,3280,http://sh.58.com/pinpaigongyu/28989329256393x.shtml
【整租】金桥 金东名苑 1室1厅,金东名苑,3999,http://sh.58.com/pinpaigongyu/29005942136651x.shtml
【整租】共康 卓越时代广场 1室1厅,卓越时代广场,4380,http://sh.58.com/pinpaigongyu/28973746592962x.shtml
【整租】上海南站 城家公寓（石龙路 1室1厅,【整租】上海南站,3500,http://sh.58.com/pinpaigongyu/29008310525358x.shtml
【合租】万体馆 徐虹公寓 3室主卧,【合租】万体馆,3190,http://sh.58.com/pinpaigongyu/28610318512845x.shtml
【整租】上海大学 丰宝苑 2室1厅,丰宝苑,3800,http://sh.58.com/pinpaigongyu/28963678722744x.shtml
【整租】张江 申城佳苑C块 2室1厅,申城佳苑C块,4000,http://sh.58.com/pinpaigongyu/28972678358585x.shtml
【整租】唐镇 齐友佳苑 1室1厅,齐友佳苑,3600,http://sh.58.com/pinpaigongyu/28960765875775x.shtml
【整租】南桥 金辉天鹅湾 3室1厅,金辉天鹅湾,3000,http://sh.58.com/pinpaigongyu/28951427325904x.shtml
【整租】天山路 天申小区 1室1厅,天申小区,4500,http://sh.58.com/pinpaigongyu/28940333681731x.shtml
【整租】月浦 阳光美林 3室1厅,阳光美林,3100,http://sh.58.com/pinpaigongyu/28944402887492x.shtml
【整租】唐镇 唐巢高科坊(高科 1室1厅,唐巢高科坊(高科,3000,http://sh.58.com/pinpaigongyu/28609759375294x.shtml
【整租】高境 atway遇道 1室1厅,atway遇道,3200,http://sh.58.com/pinpaigongyu/28986741828800x.shtml
【整租】上海南站 C9连锁公寓 1室1厅,【整租】上海南站,3500,http://sh.58.com/pinpaigongyu/28684410296382x.shtml
【整租】南京西路 霍山路优家 1室1厅,霍山路优家,3680,http://sh.58.com/pinpaigongyu/28982835612723x.shtml
【整租】中原 霍山路优家 1室1厅,霍山路优家,3680,http://sh.58.com/pinpaigongyu/29017527218636x.shtml
【整租】豫园 共和园 1室0厅,共和园,4600,http://sh.58.com/pinpaigongyu/29008350863565x.shtml
【整租】嘉定城区 宝菊清水园 3室1厅,宝菊清水园,3100,http://sh.58.com/pinpaigongyu/28953923356984x.shtml
【整租】闸北周边 延长小区 1室1厅,延长小区,3500,http://sh.58.com/pinpaigongyu/28799233204806x.shtml
【整租】金虹桥 城家公寓 1室0厅,【整租】金虹桥,4130,http://sh.58.com/pinpaigongyu/28620095155660x.shtml
【整租】闸北周边 延长小区 1室1厅,延长小区,3500,http://sh.58.com/pinpaigongyu/28618654934467x.shtml
【合租】田林 华悦家园 3室主卧,华悦家园,3490,http://sh.58.com/pinpaigongyu/28543938395443x.shtml
【整租】东外滩 霍山路 1室1厅,霍山路,3680,http://sh.58.com/pinpaigongyu/29017516549196x.shtml
【合租】徐家汇 华中大厦 3室主卧,华中大厦,3790,http://sh.58.com/pinpaigongyu/28954482976580x.shtml
【整租】高行 阳光鑫都 1室1厅,阳光鑫都,4600,http://sh.58.com/pinpaigongyu/28651947600194x.shtml
【整租】九亭 紫金花园 1室1厅,紫金花园,3500,http://sh.58.com/pinpaigongyu/28972912951752x.shtml
【整租】南翔 宏利瑞园 2室1厅,宏利瑞园,3400,http://sh.58.com/pinpaigongyu/28609626349754x.shtml
【整租】金桥 c9连锁公寓金桥 1室1厅,【整租】金桥,3000,http://sh.58.com/pinpaigongyu/28673702082222x.shtml
【整租】老西门 老西门新苑 1室1厅,老西门新苑,3000,http://sh.58.com/pinpaigongyu/28600268938794x.shtml
【整租】上海大学 丰宝苑 2室1厅,丰宝苑,3800,http://sh.58.com/pinpaigongyu/28739859415346x.shtml
【整租】王港 阳光花城同景苑 3室1厅,阳光花城同景苑,4500,http://sh.58.com/pinpaigongyu/29027929918268x.shtml
【整租】南翔 槎浦新家园 3室1厅,槎浦新家园,4800,http://sh.58.com/pinpaigongyu/28851958428342x.shtml
【整租】松江新城 上海松江万达广场 1室0厅,上海松江万达广场,3780,http://sh.58.com/pinpaigongyu/28973562780844x.shtml
【整租】曹路 佳伟景苑 3室1厅,佳伟景苑,3450,http://sh.58.com/pinpaigongyu/28666033407665x.shtml
【整租】南京西路 霍山路优家 1室1厅,霍山路优家,4680,http://sh.58.com/pinpaigongyu/28928342970560x.shtml
【整租】金杨新村 金台三居 1室0厅,金台三居,3499,http://sh.58.com/pinpaigongyu/28710028512437x.shtml
【整租】黄兴 霍山路优家 1室1厅,霍山路优家,3580,http://sh.58.com/pinpaigongyu/28989369147841x.shtml
【整租】闸北周边 延长小区 1室1厅,延长小区,4300,http://sh.58.com/pinpaigongyu/28684645839788x.shtml
【合租】龙华 徐汇公寓 3室主卧,【合租】龙华,3190,http://sh.58.com/pinpaigongyu/28543926280765x.shtml
【合租】万体馆 宜德苑 4室主卧,宜德苑,3290,http://sh.58.com/pinpaigongyu/28543940598703x.shtml
【合租】张江 张江公馆 3室主卧,张江公馆,3680,http://sh.58.com/pinpaigongyu/29027579529647x.shtml
【整租】临平路 中信虹港名庭 1室1厅,中信虹港名庭,3680,http://sh.58.com/pinpaigongyu/28821027629510x.shtml
【合租】漕河泾 泰成花苑 3室主卧,泰成花苑,4090,http://sh.58.com/pinpaigongyu/28543929172015x.shtml
【整租】金桥 金东名苑 1室1厅,金东名苑,3499,http://sh.58.com/pinpaigongyu/29005943755443x.shtml
【整租】顾村 新顾村大家园B区 3室1厅,新顾村大家园B区,4500,http://sh.58.com/pinpaigongyu/28966564981956x.shtml
【整租】顾村 中国铁建青秀城 4室2厅,中国铁建青秀城,4000,http://sh.58.com/pinpaigongyu/28978651430579x.shtml
【整租】王港 同景苑 1室1厅,同景苑,3050,http://sh.58.com/pinpaigongyu/28607606047683x.shtml
【合租】古美罗阳 阳光美景城一期 3室次卧,阳光美景城一期,3000,http://sh.58.com/pinpaigongyu/28972750292420x.shtml
【整租】嘉定城区 远香舫庭苑 3室1厅,远香舫庭苑,3900,http://sh.58.com/pinpaigongyu/29028891402432x.shtml
【整租】唐镇 齐友佳苑 2室1厅,齐友佳苑,5000,http://sh.58.com/pinpaigongyu/29027436932167x.shtml
【整租】南翔 宏立瑞园 3室1厅,宏立瑞园,4500,http://sh.58.com/pinpaigongyu/28941200189508x.shtml
【整租】南码头 临沂一村 1室1厅,临沂一村,3000,http://sh.58.com/pinpaigongyu/28600429619370x.shtml
【整租】唐镇 唐巢高科坊(高科 1室1厅,唐巢高科坊(高科,3200,http://sh.58.com/pinpaigongyu/28543290387374x.shtml
【整租】唐镇 唐丰苑 1室1厅,唐丰苑,4000,http://sh.58.com/pinpaigongyu/29027475996622x.shtml
【整租】上海南站 城家公寓（石龙路 1室1厅,【整租】上海南站,3500,http://sh.58.com/pinpaigongyu/29008824748846x.shtml
【整租】鞍山 霍山路优家 1室1厅,霍山路优家,3680,http://sh.58.com/pinpaigongyu/29022386008751x.shtml
【合租】田林 体育公寓 3室主卧,【合租】田林,3000,http://sh.58.com/pinpaigongyu/28676288409919x.shtml
【整租】武宁路 百合公寓 1室0厅,【整租】武宁路,3800,http://sh.58.com/pinpaigongyu/28995121841729x.shtml
【整租】田林 未来域壹极公寓 1室1厅,【整租】田林,5000,http://sh.58.com/pinpaigongyu/28644798796619x.shtml
【整租】临平路 虹叶茗园 1室1厅,虹叶茗园,3680,http://sh.58.com/pinpaigongyu/28821603752894x.shtml
【整租】新华医院 霍山路 1室1厅,霍山路,3680,http://sh.58.com/pinpaigongyu/29017544979522x.shtml
【整租】田林 未来域壹极公寓 1室1厅,【整租】田林,4700,http://sh.58.com/pinpaigongyu/28654485260991x.shtml
【合租】斜土路 西木小区 4室主卧,西木小区,3290,http://sh.58.com/pinpaigongyu/28775977961514x.shtml
【整租】武宁路 百合公寓 1室0厅,【整租】武宁路,3980,http://sh.58.com/pinpaigongyu/28995120878158x.shtml
【整租】唐镇 唐丰苑 1室1厅,唐丰苑,4000,http://sh.58.com/pinpaigongyu/29027475996622x.shtml
【整租】共康 卓越时代广场 1室1厅,卓越时代广场,4350,http://sh.58.com/pinpaigongyu/28972696600388x.shtml
【整租】北新泾 C9连锁公寓天山 1室1厅,【整租】北新泾,4000,http://sh.58.com/pinpaigongyu/28740105504194x.shtml
【整租】顾村 新顾村大家园C区 3室1厅,新顾村大家园C区,4500,http://sh.58.com/pinpaigongyu/28696544913206x.shtml
【整租】唐镇 唐丰苑 1室1厅,唐丰苑,3700,http://sh.58.com/pinpaigongyu/28939121015356x.shtml
【整租】马陆 金沙湾绿地和苑 3室1厅,金沙湾绿地和苑,4350,http://sh.58.com/pinpaigongyu/28954538610117x.shtml
【整租】罗店 佳翔苑 3室1厅,佳翔苑,3000,http://sh.58.com/pinpaigongyu/28930882241067x.shtml
【整租】南翔 银南翔佳苑 2室1厅,银南翔佳苑,3500,http://sh.58.com/pinpaigongyu/28957240491983x.shtml
【整租】王港 大湾名苑 2室1厅,大湾名苑,3700,http://sh.58.com/pinpaigongyu/29028125515973x.shtml
【整租】张江 万科泊寓（国创中 1室1厅,万科泊寓（国创中,4390,http://sh.58.com/pinpaigongyu/28568041442616x.shtml
【整租】通河新村 呼兰路799弄 1室1厅,呼兰路799弄,3000,http://sh.58.com/pinpaigongyu/29008543227195x.shtml
【整租】控江路 霍山路 1室1厅,霍山路,3680,http://sh.58.com/pinpaigongyu/29017547612736x.shtml
【合租】新华路 浦江大厦 4室次卧,浦江大厦,3090,http://sh.58.com/pinpaigongyu/28954126872014x.shtml
【整租】田林 未来域 壹极公寓 1室0厅,未来域,3500,http://sh.58.com/pinpaigongyu/28664578856001x.shtml
【合租】塘桥 东方城市花园二期 4室主卧,东方城市花园二期,3880,http://sh.58.com/pinpaigongyu/28618526728775x.shtml
【整租】东外滩 霍山路1058号 1室1厅,霍山路1058号,3680,http://sh.58.com/pinpaigongyu/28988384587443x.shtml
【整租】东外滩 金鹏花园 1室1厅,金鹏花园,3680,http://sh.58.com/pinpaigongyu/28821579178796x.shtml
【整租】张庙 世纪名城 1室1厅,世纪名城,3080,http://sh.58.com/pinpaigongyu/29009051581114x.shtml
【整租】闸北周边 延长小区 1室1厅,延长小区,4500,http://sh.58.com/pinpaigongyu/28618615974714x.shtml
【合租】龙华 徐汇公寓 4室主卧,【合租】龙华,4050,http://sh.58.com/pinpaigongyu/28543921187886x.shtml
【整租】嘉定城区 胜悦嘉苑 3室1厅,胜悦嘉苑,3600,http://sh.58.com/pinpaigongyu/28499121355052x.shtml
【整租】凌云路 C9连锁公寓 1室1厅,【整租】凌云路,3000,http://sh.58.com/pinpaigongyu/28751201678158x.shtml
【整租】外高桥 阳光城MODO自 1室1厅,阳光城MODO自,4600,http://sh.58.com/pinpaigongyu/29006033014830x.shtml
【整租】斜土路 嘉汇广场 4室1厅,嘉汇广场,3700,http://sh.58.com/pinpaigongyu/28972535317707x.shtml
【整租】南翔 漪园新村 3室1厅,漪园新村,4800,http://sh.58.com/pinpaigongyu/28978092774989x.shtml
【合租】徐家汇 泰东新村 3室主卧,泰东新村,4600,http://sh.58.com/pinpaigongyu/28973683089212x.shtml
【整租】唐镇 齐友佳苑 3室1厅,齐友佳苑,4900,http://sh.58.com/pinpaigongyu/29027476719543x.shtml
【整租】陆家嘴 钱江大厦 1室1厅,钱江大厦,3090,http://sh.58.com/pinpaigongyu/28710484168910x.shtml
【整租】菊园新区 柳湖景庭 4室2厅,柳湖景庭,4500,http://sh.58.com/pinpaigongyu/28852545857855x.shtml
【合租】徐家汇 宛平南苑 5室主卧,宛平南苑,3400,http://sh.58.com/pinpaigongyu/28975953799599x.shtml
【整租】控江路 华升新苑二期 1室1厅,华升新苑二期,3680,http://sh.58.com/pinpaigongyu/28821565084986x.shtml
【合租】塘桥 东方城市花园二期 4室主卧,东方城市花园二期,4180,http://sh.58.com/pinpaigongyu/28618528037061x.shtml
【整租】闸北周边 延长小区 1室1厅,延长小区,3500,http://sh.58.com/pinpaigongyu/28799282992313x.shtml
【合租】漕河泾 圣骊家园 3室主卧,圣骊家园,3590,http://sh.58.com/pinpaigongyu/28543922048696x.shtml
【整租】东外滩 霍山路 1室1厅,霍山路,3680,http://sh.58.com/pinpaigongyu/29017528339131x.shtml
【整租】共康 卓越时代广场 1室1厅,卓越时代广场,3580,http://sh.58.com/pinpaigongyu/28973759106218x.shtml
【整租】东外滩 双辽路200弄 1室1厅,双辽路200弄,3680,http://sh.58.com/pinpaigongyu/28821158660156x.shtml
【整租】闸北周边 延长小区 1室1厅,延长小区,3300,http://sh.58.com/pinpaigongyu/28673771594674x.shtml
【合租】地铁中山公园 凯欣豪园 3室主卧,凯欣豪园,3090,http://sh.58.com/pinpaigongyu/28700297409610x.shtml
【整租】碧云 信和花园 1室1厅,信和花园,3999,http://sh.58.com/pinpaigongyu/29005924138565x.shtml
【合租】徐家汇 虹桥路400弄小 3室主卧,虹桥路400弄小,3000,http://sh.58.com/pinpaigongyu/28565333860303x.shtml
【整租】高境 atway遇道 1室1厅,atway遇道,3200,http://sh.58.com/pinpaigongyu/28986767143617x.shtml
【合租】松江新城 上海松江万达广场 1室主卧,上海松江万达广场,3980,http://sh.58.com/pinpaigongyu/28973627762345x.shtml
【整租】川沙 华川家园 3室1厅,华川家园,3900,http://sh.58.com/pinpaigongyu/28974898130755x.shtml
【合租】虹桥路 锦绣花园 3室次卧,锦绣花园,3590,http://sh.58.com/pinpaigongyu/28555061360810x.shtml
【整租】通河新村 V+SPACE国 1室1厅,V+SPACE国,3390,http://sh.58.com/pinpaigongyu/28656316965695x.shtml
【整租】上海大学 丰宝苑 2室1厅,丰宝苑,3800,http://sh.58.com/pinpaigongyu/28707734136377x.shtml
【整租】菊园新区 宝菊新家园 4室1厅,宝菊新家园,4600,http://sh.58.com/pinpaigongyu/28962406582319x.shtml
【整租】共和新路 V+Space国 1室1厅,V+Space国,3700,http://sh.58.com/pinpaigongyu/28720954778569x.shtml
【整租】高行 汇郡米兰苑 3室1厅,汇郡米兰苑,4000,http://sh.58.com/pinpaigongyu/28586910126001x.shtml
【整租】鞍山 霍山路优家 1室1厅,霍山路优家,3680,http://sh.58.com/pinpaigongyu/28982848074414x.shtml
【合租】漕宝路地铁口 宏润花园二期 4室主卧,宏润花园二期,3690,http://sh.58.com/pinpaigongyu/28954144821954x.shtml
【整租】田林 未来域壹极公寓 1室1厅,【整租】田林,3500,http://sh.58.com/pinpaigongyu/28629461276751x.shtml
【整租】周家嘴路 霍山路1200弄 1室1厅,霍山路1200弄,3680,http://sh.58.com/pinpaigongyu/28983048524988x.shtml
【整租】长阳路 霍山路1191弄 1室1厅,霍山路1191弄,3680,http://sh.58.com/pinpaigongyu/28989284498732x.shtml
【整租】长阳路 霍山路1191弄 1室1厅,霍山路1191弄,4280,http://sh.58.com/pinpaigongyu/28989244849229x.shtml
【整租】长阳路 霍山路1191弄 1室1厅,霍山路1191弄,3680,http://sh.58.com/pinpaigongyu/28983036341165x.shtml
【整租】虹桥路 虹桥机场新村 1室1厅,虹桥机场新村,3000,http://sh.58.com/pinpaigongyu/28553965566029x.shtml
【整租】金杨新村 金杨金台苑 1室1厅,金杨金台苑,3999,http://sh.58.com/pinpaigongyu/28710027327160x.shtml
【整租】田林 未来域壹极公寓 1室1厅,【整租】田林,3500,http://sh.58.com/pinpaigongyu/28673887773253x.shtml
【整租】高行 汇郡米兰苑 3室1厅,汇郡米兰苑,4000,http://sh.58.com/pinpaigongyu/28586910126001x.shtml
【合租】徐家汇 天钥花苑 3室主卧,天钥花苑,3050,http://sh.58.com/pinpaigongyu/28565397086275x.shtml
【整租】江桥新城 嘉海雅苑 3室1厅,嘉海雅苑,4200,http://sh.58.com/pinpaigongyu/28710381328080x.shtml
【整租】川沙 华川家园 3室1厅,华川家园,4000,http://sh.58.com/pinpaigongyu/29017157583789x.shtml
【整租】彭浦 V+Space国 1室1厅,V+Space国,4260,http://sh.58.com/pinpaigongyu/28674897660745x.shtml
【整租】顾村 新顾村大家园A区 3室1厅,新顾村大家园A区,4400,http://sh.58.com/pinpaigongyu/29029083868230x.shtml
【整租】罗店 宝欣苑二村 3室1厅,宝欣苑二村,3100,http://sh.58.com/pinpaigongyu/29017398767939x.shtml
【整租】江桥新城 中星海上名豪苑三 3室1厅,中星海上名豪苑三,4250,http://sh.58.com/pinpaigongyu/29027933635905x.shtml
【整租】川沙 华川家园 2室1厅,华川家园,3000,http://sh.58.com/pinpaigongyu/28965741548972x.shtml
【整租】唐镇 唐丰苑 4室1厅,唐丰苑,3550,http://sh.58.com/pinpaigongyu/29038080785097x.shtml
【整租】碧云 信和花园 1室1厅,信和花园,3299,http://sh.58.com/pinpaigongyu/29005946975790x.shtml
【合租】漕河泾 圣骊家园 3室主卧,圣骊家园,3590,http://sh.58.com/pinpaigongyu/28543918625219x.shtml
【整租】平凉路 霍山路优家 1室1厅,霍山路优家,3680,http://sh.58.com/pinpaigongyu/28989380456622x.shtml
【整租】周家嘴路 康阳小区 1室1厅,康阳小区,4680,http://sh.58.com/pinpaigongyu/28845019817402x.shtml
【整租】田林 未来域壹极公寓 1室1厅,【整租】田林,5000,http://sh.58.com/pinpaigongyu/28696200808137x.shtml
【合租】漕河泾 泰成花苑 3室次卧,泰成花苑,3190,http://sh.58.com/pinpaigongyu/29030612067663x.shtml
【整租】金杨新村 金杨金台苑 1室0厅,金杨金台苑,3499,http://sh.58.com/pinpaigongyu/28710027723448x.shtml
【整租】闸北周边 延长小区 1室1厅,延长小区,3500,http://sh.58.com/pinpaigongyu/28662491216713x.shtml
【整租】闸北公园 平型关 1室1厅,平型关,3500,http://sh.58.com/pinpaigongyu/28799307568054x.shtml
【整租】江浦路 霍山路530弄小 1室1厅,霍山路530弄小,3680,http://sh.58.com/pinpaigongyu/28989306027854x.shtml
【整租】曹路 阳光苑三期极景易 3室1厅,阳光苑三期极景易,3600,http://sh.58.com/pinpaigongyu/28666303038773x.shtml
【整租】外滩/十六铺 外滩金延大楼 1室1厅,外滩金延大楼,3500,http://sh.58.com/pinpaigongyu/28732047803342x.shtml
【整租】高境 atway遇道 1室1厅,atway遇道,3100,http://sh.58.com/pinpaigongyu/28987076389559x.shtml
【整租】新天地 兰生大厦 1室1厅,兰生大厦,3050,http://sh.58.com/pinpaigongyu/28753859488074x.shtml
【整租】唐镇 齐友佳苑 1室1厅,齐友佳苑,3850,http://sh.58.com/pinpaigongyu/29027112336443x.shtml
【整租】罗店 宝欣苑一村(罗南 4室2厅,宝欣苑一村(罗南,4000,http://sh.58.com/pinpaigongyu/28764905428917x.shtml
【整租】上海大学 星福家园 2室1厅,星福家园,3750,http://sh.58.com/pinpaigongyu/28739839694383x.shtml
【合租】田林 华悦家园 3室主卧,华悦家园,3290,http://sh.58.com/pinpaigongyu/28555134155084x.shtml
【整租】南翔 漪园新村 3室1厅,漪园新村,4500,http://sh.58.com/pinpaigongyu/28707608252725x.shtml
【整租】嘉定城区 胜悦嘉苑 3室1厅,胜悦嘉苑,3900,http://sh.58.com/pinpaigongyu/29028360746172x.shtml
【整租】徐家汇 永平小区 1室1厅,永平小区,4680,http://sh.58.com/pinpaigongyu/29017552192303x.shtml
【整租】闸北周边 延长小区 1室1厅,延长小区,3500,http://sh.58.com/pinpaigongyu/28607171062317x.shtml
【合租】田林 明佳公寓 3室次卧,【合租】田林,3000,http://sh.58.com/pinpaigongyu/28953943701453x.shtml
【整租】虹桥路 虹桥机场新村 1室1厅,虹桥机场新村,3050,http://sh.58.com/pinpaigongyu/28553962813382x.shtml
【整租】周家嘴路 霍山路1200弄 1室1厅,霍山路1200弄,3680,http://sh.58.com/pinpaigongyu/28476784802256x.shtml
【合租】万体馆 创世纪花园 4室次卧,创世纪花园,3360,http://sh.58.com/pinpaigongyu/28543931893801x.shtml
【整租】豫园 共和园 1室0厅,共和园,4800,http://sh.58.com/pinpaigongyu/29008347218764x.shtml
【整租】田林 未来域壹极公寓 1室0厅,【整租】田林,4768,http://sh.58.com/pinpaigongyu/28631130654029x.shtml
【整租】闸北周边 延长小区 1室1厅,延长小区,3500,http://sh.58.com/pinpaigongyu/28673765418064x.shtml
【合租】万体馆 创世纪花园 4室主卧,创世纪花园,3690,http://sh.58.com/pinpaigongyu/28954548735549x.shtml
【整租】天山路 c9公寓天山店 1室1厅,【整租】天山路,5000,http://sh.58.com/pinpaigongyu/28673366937540x.shtml
【整租】高境 atway遇道 1室1厅,atway遇道,3200,http://sh.58.com/pinpaigongyu/28986556677813x.shtml
【整租】张江 樟盛苑 1室1厅,樟盛苑,4000,http://sh.58.com/pinpaigongyu/29020708420162x.shtml
【整租】川沙 馨汇佳苑 3室1厅,馨汇佳苑,3750,http://sh.58.com/pinpaigongyu/28477448048299x.shtml
【整租】顾村 新顾村大家园C区 3室1厅,新顾村大家园C区,4350,http://sh.58.com/pinpaigongyu/28864605787702x.shtml
【整租】顾村 新顾村大家园A区 3室1厅,新顾村大家园A区,4350,http://sh.58.com/pinpaigongyu/28944711841353x.shtml
【合租】龙华 强生花苑 3室次卧,强生花苑,3050,http://sh.58.com/pinpaigongyu/28554482725683x.shtml
【整租】南京西路 南京西路58号 1室1厅,南京西路58号,3000,http://sh.58.com/pinpaigongyu/28586907957932x.shtml
【整租】顾村 新顾村大家园C区 3室1厅,新顾村大家园C区,4500,http://sh.58.com/pinpaigongyu/28720215996479x.shtml
【整租】天山路 C9连锁公寓天山 1室1厅,【整租】天山路,4300,http://sh.58.com/pinpaigongyu/28994552254639x.shtml
【整租】甘泉路 华源世界广场 1室1厅,华源世界广场,4680,http://sh.58.com/pinpaigongyu/29016188173008x.shtml
【整租】碧云 信和花园 1室1厅,信和花园,3999,http://sh.58.com/pinpaigongyu/29005945599940x.shtml
【整租】五角场 未来小家 1室0厅,未来小家,3980,http://sh.58.com/pinpaigongyu/28754752641711x.shtml
【整租】闸北周边 延长小区 1室1厅,延长小区,3080,http://sh.58.com/pinpaigongyu/28618643132879x.shtml
【整租】鞍山 和平花苑 1室1厅,和平花苑,3680,http://sh.58.com/pinpaigongyu/28918636598975x.shtml
【整租】东外滩 嘉禄新苑 1室0厅,嘉禄新苑,3330,http://sh.58.com/pinpaigongyu/29017550695755x.shtml
【整租】周家嘴路 霍山路1200弄 1室1厅,霍山路1200弄,4680,http://sh.58.com/pinpaigongyu/28989254831939x.shtml
【整租】长阳路 霍山路1191弄 1室1厅,霍山路1191弄,3680,http://sh.58.com/pinpaigongyu/28989287907635x.shtml
【整租】田林 未来域 壹极公寓 1室0厅,未来域,4368,http://sh.58.com/pinpaigongyu/28599812718288x.shtml
【合租】徐家汇 徐汇实业公寓 4室次卧,【合租】徐家汇,3000,http://sh.58.com/pinpaigongyu/28953945904839x.shtml
【整租】高境 atway遇道 1室1厅,atway遇道,3200,http://sh.58.com/pinpaigongyu/28963392004396x.shtml
【整租】虹桥路 C9连锁公寓天山 1室1厅,【整租】虹桥路,4000,http://sh.58.com/pinpaigongyu/28806564649283x.shtml
【整租】洞泾 新松嘉园 3室1厅,新松嘉园,4000,http://sh.58.com/pinpaigongyu/28731057046983x.shtml
【整租】嘉定城区 万科悦城 3室1厅,万科悦城,3600,http://sh.58.com/pinpaigongyu/28707470701359x.shtml
【整租】九亭 亭中小区 3室1厅,亭中小区,4800,http://sh.58.com/pinpaigongyu/28707720576058x.shtml
【整租】月浦 中冶祥腾宝月花园 4室2厅,中冶祥腾宝月花园,4400,http://sh.58.com/pinpaigongyu/28965939573194x.shtml
【整租】老西门 黄浦众鑫城 1室1厅,黄浦众鑫城,3150,http://sh.58.com/pinpaigongyu/28763995744192x.shtml
【整租】高境 atway遇道 1室0厅,atway遇道,3200,http://sh.58.com/pinpaigongyu/28986291470129x.shtml
【整租】川沙 川虹新苑(妙川路 3室1厅,川虹新苑(妙川路,3000,http://sh.58.com/pinpaigongyu/28543302933443x.shtml
【整租】罗店 宝欣苑二村 4室2厅,宝欣苑二村,4000,http://sh.58.com/pinpaigongyu/29017318884139x.shtml
【整租】五角场 政民路小区 1室1厅,政民路小区,4680,http://sh.58.com/pinpaigongyu/29034255403579x.shtml
【整租】虹桥路 虹桥机场新村 1室1厅,虹桥机场新村,3450,http://sh.58.com/pinpaigongyu/28553959200437x.shtml
【合租】龙华 徐汇御景苑 3室次卧,徐汇御景苑,3290,http://sh.58.com/pinpaigongyu/28954217273920x.shtml
【整租】张江 城家公寓(华佗路 1室0厅,【整租】张江,3150,http://sh.58.com/pinpaigongyu/28597179259827x.shtml
【整租】曹杨 梅四小区 1室1厅,梅四小区,4000,http://sh.58.com/pinpaigongyu/28974799926314x.shtml
【整租】共康 卓越时代广场 1室1厅,卓越时代广场,4380,http://sh.58.com/pinpaigongyu/29006177285307x.shtml
【整租】田林 未来域壹极公寓 1室0厅,【整租】田林,3768,http://sh.58.com/pinpaigongyu/28621200889924x.shtml
【整租】周家嘴路 阳明新城 1室1厅,阳明新城,3680,http://sh.58.com/pinpaigongyu/28821525833899x.shtml
【整租】东外滩 现代星洲城一期 1室1厅,现代星洲城一期,3680,http://sh.58.com/pinpaigongyu/28821132178117x.shtml
【合租】斜土路 日晖六村 3室主卧,日晖六村,3090,http://sh.58.com/pinpaigongyu/28775952048183x.shtml
【合租】徐家汇 虹桥路400弄小 3室主卧,虹桥路400弄小,3360,http://sh.58.com/pinpaigongyu/28554321098954x.shtml
【合租】徐家汇 庆余公寓 3室主卧,【合租】徐家汇,3690,http://sh.58.com/pinpaigongyu/28554742203188x.shtml
【整租】川沙 新德公寓 2室1厅,【整租】川沙,3600,http://sh.58.com/pinpaigongyu/28732133211956x.shtml
【整租】月浦 中冶祥腾宝月花园 3室1厅,中冶祥腾宝月花园,3100,http://sh.58.com/pinpaigongyu/28777920045243x.shtml
【整租】九亭 桃园苑别墅 1室1厅,桃园苑别墅,3000,http://sh.58.com/pinpaigongyu/28973578338629x.shtml
【整租】唐镇 齐友佳苑 1室1厅,齐友佳苑,3000,http://sh.58.com/pinpaigongyu/28641700742978x.shtml
【整租】张江 申城佳苑A块 2室1厅,申城佳苑A块,4000,http://sh.58.com/pinpaigongyu/28962171284171x.shtml
【整租】王港 阳光花城同馨苑 1室1厅,阳光花城同馨苑,3850,http://sh.58.com/pinpaigongyu/28618639495615x.shtml
【整租】通河新村 V+SPACE国 1室1厅,V+SPACE国,3680,http://sh.58.com/pinpaigongyu/28773459524139x.shtml
【整租】顾村 新顾村大家园A区 3室1厅,新顾村大家园A区,4350,http://sh.58.com/pinpaigongyu/28928278829895x.shtml
【整租】北新泾 华松小区 1室1厅,华松小区,3600,http://sh.58.com/pinpaigongyu/28541197712045x.shtml
【合租】万体馆 创世纪花园 4室主卧,创世纪花园,3890,http://sh.58.com/pinpaigongyu/28954547515071x.shtml
【整租】川沙 德川新苑 2室2厅,德川新苑,5000,http://sh.58.com/pinpaigongyu/28994694873031x.shtml
【整租】东外滩 明园村小区 1室1厅,明园村小区,3680,http://sh.58.com/pinpaigongyu/28785586885695x.shtml
【合租】万体馆 宏润国际花园 3室次卧,宏润国际花园,3000,http://sh.58.com/pinpaigongyu/28953974214468x.shtml
【整租】川沙 德川新苑 1室2厅,德川新苑,4180,http://sh.58.com/pinpaigongyu/29040083954760x.shtml
【整租】田林 未来域壹极公寓 1室1厅,【整租】田林,3500,http://sh.58.com/pinpaigongyu/28577665131959x.shtml
【合租】田林 明佳公寓 4室主卧,【合租】田林,3090,http://sh.58.com/pinpaigongyu/28543905513902x.shtml
【整租】共康 卓越时代广场 1室1厅,卓越时代广场,4280,http://sh.58.com/pinpaigongyu/29028637698225x.shtml
【整租】中原 霍山路优家 1室1厅,霍山路优家,3680,http://sh.58.com/pinpaigongyu/28989353853507x.shtml
【整租】王港 阳光花城同馨苑 1室1厅,阳光花城同馨苑,3850,http://sh.58.com/pinpaigongyu/28618639495615x.shtml
【整租】通河新村 V+SPACE国 1室1厅,V+SPACE国,3680,http://sh.58.com/pinpaigongyu/28773459524139x.shtml
【整租】顾村 新顾村大家园A区 3室1厅,新顾村大家园A区,4350,http://sh.58.com/pinpaigongyu/28928278829895x.shtml
【整租】嘉定城区 绿洲丰怡园 3室1厅,绿洲丰怡园,3600,http://sh.58.com/pinpaigongyu/28963743636170x.shtml
【整租】罗店 宝欣苑一村(罗南 3室1厅,宝欣苑一村(罗南,3000,http://sh.58.com/pinpaigongyu/28955681839181x.shtml
【合租】康建 徐汇公寓 3室主卧,【合租】康建,3300,http://sh.58.com/pinpaigongyu/28554256324401x.shtml
【整租】上海大学 丰宝苑 2室1厅,丰宝苑,3750,http://sh.58.com/pinpaigongyu/28953458711741x.shtml
【整租】华东理工 C9连锁公寓梅陇 1室1厅,【整租】华东理工,3000,http://sh.58.com/pinpaigongyu/28983439749690x.shtml
【整租】菊园新区 柳湖景庭 3室1厅,柳湖景庭,3200,http://sh.58.com/pinpaigongyu/28452753856459x.shtml
【整租】马陆 金沙湾绿地和苑 3室1厅,金沙湾绿地和苑,4500,http://sh.58.com/pinpaigongyu/29017297321423x.shtml
【整租】共康 卓越时代广场 1室1厅,卓越时代广场,3680,http://sh.58.com/pinpaigongyu/28662949287988x.shtml
【合租】张江 张江公馆 3室主卧,张江公馆,3680,http://sh.58.com/pinpaigongyu/28796245779279x.shtml
【合租】地铁中山公园 兆丰嘉园 3室主卧,兆丰嘉园,3190,http://sh.58.com/pinpaigongyu/28700310353975x.shtml
【整租】碧云 信和花园 1室1厅,信和花园,3399,http://sh.58.com/pinpaigongyu/29005944173102x.shtml
【合租】万体馆 金谷园小区 3室主卧,金谷园小区,3290,http://sh.58.com/pinpaigongyu/28718359600706x.shtml
【整租】延长路 平型关路465号 1室1厅,平型关路465号,4000,http://sh.58.com/pinpaigongyu/28754573979436x.shtml
【合租】龙华 明佳苑 3室主卧,明佳苑,3290,http://sh.58.com/pinpaigongyu/29030694965804x.shtml
【整租】金桥 金泰小区 1室1厅,金泰小区,3999,http://sh.58.com/pinpaigongyu/28710026899759x.shtml
【整租】杨行 天馨花园 1室1厅,天馨花园,3180,http://sh.58.com/pinpaigongyu/29018526981058x.shtml
【合租】康建 金桂苑徐汇 3室主卧,金桂苑徐汇,3190,http://sh.58.com/pinpaigongyu/28718240463035x.shtml
【整租】曹路 阳光苑三期极景易 3室1厅,阳光苑三期极景易,3600,http://sh.58.com/pinpaigongyu/28664938692531x.shtml
【整租】马陆 枫树林景苑二期 3室1厅,枫树林景苑二期,4300,http://sh.58.com/pinpaigongyu/29017419780674x.shtml
【整租】高境 atway遇道 2室1厅,atway遇道,4700,http://sh.58.com/pinpaigongyu/28994647610043x.shtml
【整租】天山路 c9公寓天山店 1室1厅,【整租】天山路,4000,http://sh.58.com/pinpaigongyu/28673332760903x.shtml
【整租】天山路 C9连锁公寓天山 1室1厅,【整租】天山路,4300,http://sh.58.com/pinpaigongyu/29016529128893x.shtml
【整租】嘉定城区 胜悦嘉苑 3室1厅,胜悦嘉苑,3600,http://sh.58.com/pinpaigongyu/28720295846596x.shtml
【合租】田林 爱建园 3室主卧,爱建园,3490,http://sh.58.com/pinpaigongyu/28563695099595x.shtml
【整租】菊园新区 新城枫景苑 3室1厅,新城枫景苑,3700,http://sh.58.com/pinpaigongyu/28963546249027x.shtml
【整租】川沙 华川家园 3室1厅,华川家园,3800,http://sh.58.com/pinpaigongyu/28963556023753x.shtml
【整租】罗店 佳翔苑 4室2厅,佳翔苑,4400,http://sh.58.com/pinpaigongyu/28955762342992x.shtml
【整租】杨行 宝启公寓 1室1厅,【整租】杨行,3180,http://sh.58.com/pinpaigongyu/29018531455802x.shtml
【整租】豫园 共和园 1室0厅,共和园,4500,http://sh.58.com/pinpaigongyu/29008406368568x.shtml
【整租】康建 金桂苑徐汇 1室2厅,金桂苑徐汇,5000,http://sh.58.com/pinpaigongyu/28578613693120x.shtml
【整租】鞍山 恒阳花苑 1室1厅,恒阳花苑,3680,http://sh.58.com/pinpaigongyu/28821626645815x.shtml
【整租】西康路 霍山路优家 1室1厅,霍山路优家,3680,http://sh.58.com/pinpaigongyu/29017510532026x.shtml
【整租】通河新村 呼兰路799弄 1室1厅,呼兰路799弄,3600,http://sh.58.com/pinpaigongyu/29008544126788x.shtml
【合租】漕宝路地铁口 宏润花园二期 4室次卧,宏润花园二期,3000,http://sh.58.com/pinpaigongyu/28954159866415x.shtml
【合租】徐家汇 亚都国际名园 3室次卧,亚都国际名园,3190,http://sh.58.com/pinpaigongyu/28954511842095x.shtml
【整租】张庙 城投世纪名城 1室1厅,城投世纪名城,3180,http://sh.58.com/pinpaigongyu/29018516002345x.shtml
【整租】杨行 天馨花园 1室1厅,天馨花园,3180,http://sh.58.com/pinpaigongyu/29018526155689x.shtml
【合租】地铁中山公园 波涛白领公寓 1室主卧,【合租】地铁中山公园,3500,http://sh.58.com/pinpaigongyu/28972286304330x.shtml
【整租】顾村 自然居家园 3室1厅,自然居家园,4500,http://sh.58.com/pinpaigongyu/28765143774140x.shtml
【合租】徐家汇 南溪公寓 3室主卧,【合租】徐家汇,3150,http://sh.58.com/pinpaigongyu/28556907009609x.shtml
【整租】王港 鑫港苑 1室1厅,鑫港苑,3100,http://sh.58.com/pinpaigongyu/29028090341692x.shtml
【整租】马陆 金沙湾绿地和苑 3室1厅,金沙湾绿地和苑,4500,http://sh.58.com/pinpaigongyu/29017402124364x.shtml
【整租】嘉定新城 远香舫嘉苑 3室1厅,远香舫嘉苑,3600,http://sh.58.com/pinpaigongyu/28675294087987x.shtml
【整租】徐家汇 徐家汇花园 1室0厅,徐家汇花园,4500,http://sh.58.com/pinpaigongyu/29005712153927x.shtml
【整租】江桥新城 嘉海雅苑 3室1厅,嘉海雅苑,4300,http://sh.58.com/pinpaigongyu/29028032244138x.shtml
【整租】通河新村 V+SPACE国 1室1厅,V+SPACE国,3860,http://sh.58.com/pinpaigongyu/28773575289294x.shtml
【整租】凌云路 C9连锁公寓 1室1厅,【整租】凌云路,3000,http://sh.58.com/pinpaigongyu/28752260101429x.shtml
【合租】陆家嘴 众鑫大厦 3室次卧,众鑫大厦,3180,http://sh.58.com/pinpaigongyu/28975461700270x.shtml
【整租】嘉定城区 宝菊清水园 3室1厅,宝菊清水园,3200,http://sh.58.com/pinpaigongyu/28953927820482x.shtml
【合租】徐家汇 亚都国际名园 3室次卧,亚都国际名园,3150,http://sh.58.com/pinpaigongyu/28954165872582x.shtml
【整租】江浦路 霍山路优家 1室1厅,霍山路优家,3680,http://sh.58.com/pinpaigongyu/28989390613306x.shtml
【整租】仙霞 仙逸小区 1室1厅,仙逸小区,4500,http://sh.58.com/pinpaigongyu/28754763933353x.shtml
【整租】平凉路 霍山路1188弄 1室1厅,霍山路1188弄,3680,http://sh.58.com/pinpaigongyu/28989191591241x.shtml
【整租】田林 未来域壹极公寓 1室1厅,【整租】田林,3768,http://sh.58.com/pinpaigongyu/28566146650695x.shtml
【整租】共康 卓越时代广场 1室1厅,卓越时代广场,4380,http://sh.58.com/pinpaigongyu/29029835790264x.shtml
【整租】鞍山 霍山路优家 1室1厅,霍山路优家,3680,http://sh.58.com/pinpaigongyu/29022402569268x.shtml
【整租】闸北公园 平型关 1室1厅,平型关,4000,http://sh.58.com/pinpaigongyu/28795410885941x.shtml
【整租】唐镇 齐友佳苑 1室1厅,齐友佳苑,3360,http://sh.58.com/pinpaigongyu/29027455123148x.shtml
【合租】斜土路 徐汇江南新村 4室主卧,徐汇江南新村,3800,http://sh.58.com/pinpaigongyu/28972410742726x.shtml
【整租】南翔 漪园新村 3室1厅,漪园新村,4700,http://sh.58.com/pinpaigongyu/28941976815552x.shtml
【整租】高境 atway遇道 1室1厅,atway遇道,3200,http://sh.58.com/pinpaigongyu/28986534926258x.shtml
【整租】北新泾 C9连锁公寓天山 1室1厅,【整租】北新泾,4000,http://sh.58.com/pinpaigongyu/28763120374446x.shtml
【整租】地铁中山公园 波涛白领公寓 1室0厅,【整租】地铁中山公园,3800,http://sh.58.com/pinpaigongyu/28973123866553x.shtml
【整租】罗店 宝欣苑二村 3室1厅,宝欣苑二村,3000,http://sh.58.com/pinpaigongyu/28720113723978x.shtml
【整租】川沙 华川家园 2室1厅,华川家园,3000,http://sh.58.com/pinpaigongyu/28955665886766x.shtml
【合租】徐家汇 海螺花园 3室主卧,海螺花园,3990,http://sh.58.com/pinpaigongyu/28556706111938x.shtml
【整租】金桥 金东名苑 1室1厅,金东名苑,3999,http://sh.58.com/pinpaigongyu/29005945103809x.shtml
【整租】江浦路 霍山路 1室1厅,霍山路,3280,http://sh.58.com/pinpaigongyu/28983100328388x.shtml
【整租】杨浦公园 霍山路 1室1厅,霍山路,3680,http://sh.58.com/pinpaigongyu/29017546000460x.shtml
【整租】田林 未来域壹极公寓 1室0厅,【整租】田林,3800,http://sh.58.com/pinpaigongyu/28629475581767x.shtml
【合租】田林 爱建园 3室次卧,爱建园,3000,http://sh.58.com/pinpaigongyu/28954115037646x.shtml
【整租】新华医院 霍山路 1室1厅,霍山路,3680,http://sh.58.com/pinpaigongyu/28982807534540x.shtml
【整租】北蔡 绿星小区 1室1厅,绿星小区,4080,http://sh.58.com/pinpaigongyu/28729447687883x.shtml
【整租】漕河泾 华悦家园 1室0厅,华悦家园,3700,http://sh.58.com/pinpaigongyu/28585105531210x.shtml
【整租】田林 未来域 壹极公寓 1室0厅,未来域,4168,http://sh.58.com/pinpaigongyu/28578357727432x.shtml
【整租】仙霞 仙逸小区 1室1厅,仙逸小区,4500,http://sh.58.com/pinpaigongyu/28588612398533x.shtml
【整租】周家嘴路 霍山路1200弄 1室1厅,霍山路1200弄,3330,http://sh.58.com/pinpaigongyu/28983004887599x.shtml
【整租】外高桥 汇郡海棠苑 1室1厅,汇郡海棠苑,3200,http://sh.58.com/pinpaigongyu/28957590283215x.shtml
【整租】外高桥 扬盛佳苑 4室1厅,扬盛佳苑,4500,http://sh.58.com/pinpaigongyu/28596694785715x.shtml
【整租】高境 atway遇道 1室1厅,atway遇道,3200,http://sh.58.com/pinpaigongyu/28986563183558x.shtml
【合租】徐家汇 徐家汇国际大厦 3室主卧,徐家汇国际大厦,3090,http://sh.58.com/pinpaigongyu/28556934096811x.shtml
【整租】唐镇 唐丰苑 1室1厅,唐丰苑,3900,http://sh.58.com/pinpaigongyu/29019825358286x.shtml
【整租】川沙 华川家园 4室1厅,华川家园,4800,http://sh.58.com/pinpaigongyu/28963424031023x.shtml
【合租】莘庄 邻里苑 2室次卧,邻里苑,3000,http://sh.58.com/pinpaigongyu/28973688545603x.shtml
【整租】衡山路 宛平路239号 1室1厅,宛平路239号,5000,http://sh.58.com/pinpaigongyu/28425837070653x.shtml
【整租】张江 申城佳苑B块 2室1厅,申城佳苑B块,4000,http://sh.58.com/pinpaigongyu/28952707057460x.shtml
【整租】马陆 金沙湾绿地和苑 3室1厅,金沙湾绿地和苑,4450,http://sh.58.com/pinpaigongyu/29029896271669x.shtml
【整租】平凉路 霍山路1188弄 1室1厅,霍山路1188弄,3680,http://sh.58.com/pinpaigongyu/28989242341454x.shtml
【合租】漕河泾 泰成花苑 3室次卧,泰成花苑,3090,http://sh.58.com/pinpaigongyu/28543942137031x.shtml
【整租】平凉路 霍山路1188弄 1室1厅,霍山路1188弄,3680,http://sh.58.com/pinpaigongyu/28983049992631x.shtml
【合租】新华路 长宁新华苑 3室主卧,长宁新华苑,3690,http://sh.58.com/pinpaigongyu/29030619695551x.shtml
【整租】周家嘴路 中环和润苑 1室1厅,中环和润苑,4680,http://sh.58.com/pinpaigongyu/29034231159083x.shtml
【整租】田林 未来域壹极公寓 1室0厅,【整租】田林,4168,http://sh.58.com/pinpaigongyu/28673900856771x.shtml
【整租】周家嘴路 上海大花园 1室1厅,上海大花园,3680,http://sh.58.com/pinpaigongyu/28821618748211x.shtml
【整租】共康 卓越时代广场 1室1厅,卓越时代广场,4580,http://sh.58.com/pinpaigongyu/29029804815048x.shtml
【整租】豫园 共和园 1室0厅,共和园,4500,http://sh.58.com/pinpaigongyu/29008406851889x.shtml
【合租】漕宝路地铁口 宏润花园二期 3室次卧,宏润花园二期,3000,http://sh.58.com/pinpaigongyu/28954089414070x.shtml
【整租】川沙 华川家园 2室1厅,华川家园,3000,http://sh.58.com/pinpaigongyu/28455549252429x.shtml
【整租】天山路 水仙苑长宁 1室1厅,水仙苑长宁,4200,http://sh.58.com/pinpaigongyu/28972954908749x.shtml
【整租】嘉定城区 南苑一村 3室1厅,南苑一村,3600,http://sh.58.com/pinpaigongyu/28852631232819x.shtml
【整租】菊园新区 柳湖景庭 3室1厅,柳湖景庭,3600,http://sh.58.com/pinpaigongyu/28565209113385x.shtml
【整租】川沙 馨汇佳苑 3室1厅,馨汇佳苑,3750,http://sh.58.com/pinpaigongyu/28411178048703x.shtml
【整租】蓬莱公园 弘辉名苑 1室1厅,弘辉名苑,3100,http://sh.58.com/pinpaigongyu/28721493490119x.shtml
【整租】高行 善庭公寓 1室0厅,【整租】高行,3900,http://sh.58.com/pinpaigongyu/28973095867693x.shtml
【合租】蓬莱公园 海州丽园 4室次卧,海州丽园,3300,http://sh.58.com/pinpaigongyu/28972303152334x.shtml
【整租】嘉定城区 胜悦嘉苑 3室1厅,胜悦嘉苑,3600,http://sh.58.com/pinpaigongyu/28720523298369x.shtml
【合租】斜土路 新亚徐汇公寓 3室次卧,【合租】斜土路,3000,http://sh.58.com/pinpaigongyu/28564943423669x.shtml
【整租】五角场 城家公寓(国顺路 1室0厅,【整租】五角场,3300,http://sh.58.com/pinpaigongyu/28554822080306x.shtml
【整租】周家嘴路 中环和润苑 1室1厅,中环和润苑,3680,http://sh.58.com/pinpaigongyu/28918235547063x.shtml
【整租】田林 未来域壹极公寓 1室1厅,【整租】田林,4500,http://sh.58.com/pinpaigongyu/28588837716680x.shtml
【合租】田林 公安住宅小区 3室次卧,公安住宅小区,3150,http://sh.58.com/pinpaigongyu/28543910920372x.shtml
【整租】控江路 华升新苑二期 1室1厅,华升新苑二期,3680,http://sh.58.com/pinpaigongyu/28821571630377x.shtml
【合租】徐家汇 庆余公寓 3室主卧,【合租】徐家汇,3390,http://sh.58.com/pinpaigongyu/28954134295481x.shtml
【整租】徐家汇 未来域壹极公寓 1室1厅,【整租】徐家汇,5000,http://sh.58.com/pinpaigongyu/28565960295880x.shtml
【整租】长阳路 霍山路1191弄 1室1厅,霍山路1191弄,3680,http://sh.58.com/pinpaigongyu/28989238125882x.shtml
【整租】鞍山 恒阳花苑 1室1厅,恒阳花苑,3680,http://sh.58.com/pinpaigongyu/28821533099576x.shtml
【整租】闸北周边 延长小区 1室1厅,延长小区,4500,http://sh.58.com/pinpaigongyu/28662510048180x.shtml
【整租】万体馆 创世纪花园 1室1厅,创世纪花园,3500,http://sh.58.com/pinpaigongyu/28986861140304x.shtml
【合租】漕河泾 泰成花苑 3室主卧,泰成花苑,3300,http://sh.58.com/pinpaigongyu/28554969207752x.shtml
【整租】上海植物园 C9连锁公寓 1室2厅,【整租】上海植物园,4800,http://sh.58.com/pinpaigongyu/28585018565450x.shtml
【整租】顾村 新顾村大家园C区 3室1厅,新顾村大家园C区,4350,http://sh.58.com/pinpaigongyu/28696521389869x.shtml
【整租】川沙 馨汇佳苑 2室1厅,馨汇佳苑,3000,http://sh.58.com/pinpaigongyu/29030112881478x.shtml
【整租】川沙 川虹新苑(妙川路 2室1厅,川虹新苑(妙川路,3000,http://sh.58.com/pinpaigongyu/28952745003466x.shtml
【合租】徐家汇 港汇花园 3室主卧,港汇花园,3290,http://sh.58.com/pinpaigongyu/28610518655184x.shtml
【整租】杨行 和家欣苑D区 3室1厅,和家欣苑D区,4350,http://sh.58.com/pinpaigongyu/28453031180074x.shtml
【整租】嘉定城区 远香舫庭苑 3室1厅,远香舫庭苑,3800,http://sh.58.com/pinpaigongyu/28955957183810x.shtml
【整租】上海大学 丰宝苑 2室1厅,丰宝苑,3800,http://sh.58.com/pinpaigongyu/28963434046889x.shtml
【整租】田林 未来域 壹极公寓 1室0厅,未来域,4368,http://sh.58.com/pinpaigongyu/28662727002305x.shtml
【整租】田林 未来域壹极公寓 1室1厅,【整租】田林,5000,http://sh.58.com/pinpaigongyu/28599464773693x.shtml
【合租】龙华 盛大花园 4室次卧,盛大花园,3550,http://sh.58.com/pinpaigongyu/28954298521410x.shtml
【整租】武宁路 百合公寓 1室0厅,【整租】武宁路,3080,http://sh.58.com/pinpaigongyu/28995109905852x.shtml
【整租】周家嘴路 霍山路1200弄 1室1厅,霍山路1200弄,3680,http://sh.58.com/pinpaigongyu/28982817809721x.shtml
【整租】共康 卓越时代广场 1室1厅,卓越时代广场,4580,http://sh.58.com/pinpaigongyu/28662905098314x.shtml
【整租】平凉路 霍山路1188弄 1室1厅,霍山路1188弄,3680,http://sh.58.com/pinpaigongyu/28989250447922x.shtml
【合租】龙华 龙缘公寓 3室主卧,【合租】龙华,3290,http://sh.58.com/pinpaigongyu/29030698049084x.shtml
【合租】万体馆 金谷园小区 3室主卧,金谷园小区,3190,http://sh.58.com/pinpaigongyu/28718238762061x.shtml
【合租】新华路 虹桥中山广场 4室次卧,虹桥中山广场,3150,http://sh.58.com/pinpaigongyu/28954273895489x.shtml
【整租】唐镇 金利公寓 1室1厅,【整租】唐镇,3000,http://sh.58.com/pinpaigongyu/28633194696386x.shtml
【整租】凌云路 c9公寓梅陇店 1室1厅,【整租】凌云路,4500,http://sh.58.com/pinpaigongyu/28575043127749x.shtml
【整租】唐镇 齐友佳苑 3室1厅,齐友佳苑,5000,http://sh.58.com/pinpaigongyu/29027225211344x.shtml
【整租】高境 atway遇道 1室1厅,atway遇道,3200,http://sh.58.com/pinpaigongyu/28987033058379x.shtml
【整租】唐镇 齐友佳苑 1室1厅,齐友佳苑,3600,http://sh.58.com/pinpaigongyu/28973099980849x.shtml
【整租】长寿路 物华广场2楼 沁 1室1厅,物华广场2楼,4580,http://sh.58.com/pinpaigongyu/28972315680691x.shtml
【整租】凌云路 C9连锁公寓 1室1厅,【整租】凌云路,3000,http://sh.58.com/pinpaigongyu/28684595966019x.shtml
【整租】高境 atway遇道 1室1厅,atway遇道,3300,http://sh.58.com/pinpaigongyu/28994898707241x.shtml
【合租】徐家汇 通汇公寓 3室主卧,【合租】徐家汇,3210,http://sh.58.com/pinpaigongyu/28608984713908x.shtml
【整租】嘉定城区 远香舫新苑 3室1厅,远香舫新苑,3800,http://sh.58.com/pinpaigongyu/29028052362030x.shtml
【合租】康建 南天公寓 3室主卧,【合租】康建,3190,http://sh.58.com/pinpaigongyu/28543924447531x.shtml
【整租】武宁路 百合公寓 1室0厅,【整租】武宁路,4080,http://sh.58.com/pinpaigongyu/28995119319615x.shtml
【整租】碧云 信和花园 1室1厅,信和花园,3999,http://sh.58.com/pinpaigongyu/29005908192449x.shtml
【整租】周家嘴路 霍山路1200弄 1室1厅,霍山路1200弄,3680,http://sh.58.com/pinpaigongyu/28989383491123x.shtml
【整租】新客站 城家公寓 1室0厅,【整租】新客站,5000,http://sh.58.com/pinpaigongyu/28620125779139x.shtml
【整租】金杨新村 金台三居 1室1厅,金台三居,3999,http://sh.58.com/pinpaigongyu/28974382250956x.shtml
【整租】田林 未来域壹极公寓 1室1厅,【整租】田林,3968,http://sh.58.com/pinpaigongyu/28673848835407x.shtml
【整租】江浦路 霍山路优家青年创 1室1厅,霍山路优家青年创,4680,http://sh.58.com/pinpaigongyu/28928354405691x.shtml
【整租】金杨新村 金台三居 1室1厅,金台三居,3999,http://sh.58.com/pinpaigongyu/28684689490093x.shtml
【合租】徐家汇 爱乐大厦 4室主卧,爱乐大厦,3690,http://sh.58.com/pinpaigongyu/28543941673931x.shtml
【整租】嘉定城区 远香舫新苑 3室1厅,远香舫新苑,3800,http://sh.58.com/pinpaigongyu/29028052362030x.shtml
【合租】万体馆 宜德苑 3室主卧,宜德苑,3790,http://sh.58.com/pinpaigongyu/28564769767886x.shtml
【整租】王港 鑫港苑 1室1厅,鑫港苑,3000,http://sh.58.com/pinpaigongyu/28666410837181x.shtml
【整租】唐镇 齐友佳苑 1室1厅,齐友佳苑,3000,http://sh.58.com/pinpaigongyu/28632635920308x.shtml
【整租】王港 大湾名苑 3室1厅,大湾名苑,5000,http://sh.58.com/pinpaigongyu/29005663969338x.shtml
【整租】嘉定城区 胜悦嘉苑 3室1厅,胜悦嘉苑,3600,http://sh.58.com/pinpaigongyu/28709915292480x.shtml
【整租】金桥 c9连锁公寓金桥 1室1厅,【整租】金桥,3000,http://sh.58.com/pinpaigongyu/28673711514550x.shtml
【整租】菊园新区 柳湖景庭 3室1厅,柳湖景庭,3600,http://sh.58.com/pinpaigongyu/28533235910323x.shtml
【整租】月浦 阳光美林 4室1厅,阳光美林,4100,http://sh.58.com/pinpaigongyu/28456073008699x.shtml
【整租】徐家汇 兆丰帝景苑 1室1厅,兆丰帝景苑,4000,http://sh.58.com/pinpaigongyu/28542511905488x.shtml
【整租】南京东路 霍山路优家 1室1厅,霍山路优家,3680,http://sh.58.com/pinpaigongyu/29022391179446x.shtml
【整租】闸北周边 延长小区 1室1厅,延长小区,3300,http://sh.58.com/pinpaigongyu/28662538753856x.shtml
【合租】龙华 佳信徐汇公寓 4室主卧,【合租】龙华,3390,http://sh.58.com/pinpaigongyu/28954554368447x.shtml
【合租】漕宝路地铁口 宏润花园二期 4室主卧,宏润花园二期,3990,http://sh.58.com/pinpaigongyu/28954140853427x.shtml
【整租】闸北周边 延长小区 1室1厅,延长小区,4300,http://sh.58.com/pinpaigongyu/28662524040251x.shtml
【合租】虹桥路 锦绣花园 3室主卧,锦绣花园,3790,http://sh.58.com/pinpaigongyu/28543939437103x.shtml
【整租】仙霞 仙逸小区 1室1厅,仙逸小区,4500,http://sh.58.com/pinpaigongyu/28754760976194x.shtml
【整租】漕宝路地铁口 三江小区 1室1厅,三江小区,3500,http://sh.58.com/pinpaigongyu/28684957692751x.shtml
【整租】金虹桥 城家公寓 1室0厅,【整租】金虹桥,4130,http://sh.58.com/pinpaigongyu/28554029469645x.shtml
【合租】世纪公园 花木鑫丰苑 4室次卧,花木鑫丰苑,3480,http://sh.58.com/pinpaigongyu/29038984510529x.shtml
【整租】南翔 祥源福邸 3室1厅,祥源福邸,4520,http://sh.58.com/pinpaigongyu/28730688207563x.shtml
【整租】川沙 川虹新苑(妙川路 2室1厅,川虹新苑(妙川路,3000,http://sh.58.com/pinpaigongyu/28720747067339x.shtml
【整租】天山路 c9公寓天山店 1室2厅,【整租】天山路,4500,http://sh.58.com/pinpaigongyu/28929429028676x.shtml
【整租】月浦 新月鸿锦园 3室1厅,新月鸿锦园,3500,http://sh.58.com/pinpaigongyu/28957318760134x.shtml
【合租】徐家汇 爱乐大厦 3室主卧,爱乐大厦,3350,http://sh.58.com/pinpaigongyu/28554583502770x.shtml
【整租】大宁路 静安东方公寓 1室1厅,【整租】大宁路,3000,http://sh.58.com/pinpaigongyu/28989690403530x.shtml
【整租】上海大学 聚丰景都 2室1厅,聚丰景都,3800,http://sh.58.com/pinpaigongyu/28607710628558x.shtml
【整租】北新泾 C9连锁公寓天山 1室1厅,【整租】北新泾,4000,http://sh.58.com/pinpaigongyu/28753181179459x.shtml
【合租】新华路 申新花苑 3室主卧,申新花苑,3190,http://sh.58.com/pinpaigongyu/28565501064508x.shtml
【整租】顾村 新顾村大家园C区 3室1厅,新顾村大家园C区,3500,http://sh.58.com/pinpaigongyu/28629907330252x.shtml
【整租】新江湾城 霍山路优家 1室1厅,霍山路优家,3280,http://sh.58.com/pinpaigongyu/28989365990325x.shtml
【整租】鞍山 霍山路优家 1室1厅,霍山路优家,3280,http://sh.58.com/pinpaigongyu/28989317478193x.shtml
【整租】长阳路 霍山路1191弄 1室1厅,霍山路1191弄,3680,http://sh.58.com/pinpaigongyu/28554016855752x.shtml
【整租】五角场 未来小家 1室0厅,未来小家,3380,http://sh.58.com/pinpaigongyu/28754745901505x.shtml
【整租】闸北周边 延长小区 1室1厅,延长小区,3500,http://sh.58.com/pinpaigongyu/28662502908084x.shtml
【合租】徐家汇 金轩公寓 3室主卧,【合租】徐家汇,3790,http://sh.58.com/pinpaigongyu/28709131261512x.shtml
【整租】东外滩 霍山路 1室1厅,霍山路,3680,http://sh.58.com/pinpaigongyu/29017524526529x.shtml
【整租】金桥 金东名苑 1室1厅,金东名苑,3499,http://sh.58.com/pinpaigongyu/29005931752519x.shtml
【整租】江浦路 霍山路优家 1室1厅,霍山路优家,3680,http://sh.58.com/pinpaigongyu/29022379237053x.shtml
【整租】长阳路 霍山路1191弄 1室1厅,霍山路1191弄,3680,http://sh.58.com/pinpaigongyu/28989304623277x.shtml
【整租】老西门 黄浦众鑫城二期 1室1厅,黄浦众鑫城二期,3450,http://sh.58.com/pinpaigongyu/28719676306228x.shtml
【合租】徐家汇 实业公寓 3室主卧,【合租】徐家汇,3000,http://sh.58.com/pinpaigongyu/28565157538476x.shtml
【整租】菊园新区 怡华家园 3室1厅,怡华家园,3600,http://sh.58.com/pinpaigongyu/28521751811269x.shtml
【合租】万体馆 创世纪花园 3室主卧,创世纪花园,3190,http://sh.58.com/pinpaigongyu/28565500238519x.shtml
【整租】唐镇 齐友佳苑 1室1厅,齐友佳苑,3000,http://sh.58.com/pinpaigongyu/28633551439302x.shtml
【整租】马陆 金沙湾绿地和苑 3室1厅,金沙湾绿地和苑,4500,http://sh.58.com/pinpaigongyu/28731231186092x.shtml
【合租】徐家汇 爱乐大厦 3室主卧,爱乐大厦,3690,http://sh.58.com/pinpaigongyu/28554717216842x.shtml
【整租】唐镇 唐丰苑 2室1厅,唐丰苑,4800,http://sh.58.com/pinpaigongyu/28562943600702x.shtml
【整租】虹桥路 C9连锁公寓天山 1室1厅,【整租】虹桥路,4300,http://sh.58.com/pinpaigongyu/29016576609484x.shtml
【合租】徐家汇 凯旋路2280弄 4室主卧,凯旋路2280弄,4090,http://sh.58.com/pinpaigongyu/28688167361329x.shtml
【整租】闸北周边 延长小区 1室1厅,延长小区,4300,http://sh.58.com/pinpaigongyu/28799258942267x.shtml
【整租】莘庄 名都新城二期 1室1厅,名都新城二期,4100,http://sh.58.com/pinpaigongyu/29017487148969x.shtml
【整租】金桥 金东名苑 1室1厅,金东名苑,3299,http://sh.58.com/pinpaigongyu/29005947395894x.shtml
【整租】甘泉路 华源世界广场 1室1厅,华源世界广场,3480,http://sh.58.com/pinpaigongyu/29016192206142x.shtml
【合租】田林 爱建园 3室次卧,爱建园,3000,http://sh.58.com/pinpaigongyu/28954111994929x.shtml
【整租】张江 万科泊寓国创店 1室1厅,万科泊寓国创店,4990,http://sh.58.com/pinpaigongyu/28568034154701x.shtml
【合租】万体馆 徐虹公寓 6室主卧,【合租】万体馆,3000,http://sh.58.com/pinpaigongyu/28775642394929x.shtml
【整租】东外滩 凯达苑 1室1厅,凯达苑,3680,http://sh.58.com/pinpaigongyu/28785094317769x.shtml
【整租】大柏树 曲阳路801号 1室1厅,曲阳路801号,3180,http://sh.58.com/pinpaigongyu/29008678361026x.shtml
【合租】万体馆 徐虹公寓 3室次卧,【合租】万体馆,3000,http://sh.58.com/pinpaigongyu/28954154329132x.shtml
【合租】徐家汇 爱乐大厦 3室主卧,爱乐大厦,3690,http://sh.58.com/pinpaigongyu/28554717216842x.shtml
【整租】唐镇 唐丰苑 2室1厅,唐丰苑,4800,http://sh.58.com/pinpaigongyu/28562943600702x.shtml
【整租】虹桥路 C9连锁公寓天山 1室1厅,【整租】虹桥路,4300,http://sh.58.com/pinpaigongyu/29016576609484x.shtml
【整租】北新泾 C9连锁公寓天山 1室1厅,【整租】北新泾,4300,http://sh.58.com/pinpaigongyu/29017090177706x.shtml
【整租】嘉定城区 万科悦城 3室1厅,万科悦城,3700,http://sh.58.com/pinpaigongyu/28957184788273x.shtml
【整租】北新泾 C9连锁公寓天山 1室1厅,【整租】北新泾,4300,http://sh.58.com/pinpaigongyu/28994640693048x.shtml
【整租】嘉定新城 远香舫嘉苑 3室1厅,远香舫嘉苑,3700,http://sh.58.com/pinpaigongyu/28641029937357x.shtml
【整租】江桥新城 嘉海雅苑 3室1厅,嘉海雅苑,4500,http://sh.58.com/pinpaigongyu/29017802079679x.shtml
【合租】万体馆 华鼎广场 3室主卧,华鼎广场,3290,http://sh.58.com/pinpaigongyu/28563759858103x.shtml
【整租】顾村 自然居家园 3室1厅,自然居家园,4500,http://sh.58.com/pinpaigongyu/28862790738729x.shtml
【整租】闸北周边 延长小区 1室1厅,延长小区,4500,http://sh.58.com/pinpaigongyu/28673813197107x.shtml
【整租】新华医院 霍山路优家 1室1厅,霍山路优家,3680,http://sh.58.com/pinpaigongyu/28982997800774x.shtml
【整租】动物园 城家公寓 1室0厅,【整租】动物园,3100,http://sh.58.com/pinpaigongyu/28554042257101x.shtml
【整租】闸北周边 延长小区 1室1厅,延长小区,3500,http://sh.58.com/pinpaigongyu/28673804558284x.shtml
【整租】长阳路 霍山路1191弄 1室1厅,霍山路1191弄,3680,http://sh.58.com/pinpaigongyu/28989282424387x.shtml
【整租】闸北周边 延长小区 1室1厅,延长小区,4300,http://sh.58.com/pinpaigongyu/28799252317256x.shtml
【整租】田林 未来域壹极公寓 1室1厅,【整租】田林,4100,http://sh.58.com/pinpaigongyu/28618847771722x.shtml
【整租】田林 未来域壹极公寓 1室1厅,【整租】田林,4168,http://sh.58.com/pinpaigongyu/28653103267150x.shtml
【整租】新江湾城 霍山路优家 1室1厅,霍山路优家,3680,http://sh.58.com/pinpaigongyu/28982844141751x.shtml
【整租】西藏北路 城家公寓(中华新 1室0厅,【整租】西藏北路,3900,http://sh.58.com/pinpaigongyu/28554058020664x.shtml
【整租】上海南站 C9连锁公寓 1室1厅,【整租】上海南站,3000,http://sh.58.com/pinpaigongyu/28675868112322x.shtml
【整租】源深 新天家园 3室1厅,新天家园,3450,http://sh.58.com/pinpaigongyu/28973019099052x.shtml
【整租】宝山周边 宝祁雅苑北区(祁 2室1厅,宝祁雅苑北区(祁,3800,http://sh.58.com/pinpaigongyu/28950572006443x.shtml
【整租】天山路 c9公寓天山店 1室0厅,【整租】天山路,3200,http://sh.58.com/pinpaigongyu/28940870742445x.shtml
【整租】嘉定城区 绿洲丰怡园 3室1厅,绿洲丰怡园,3600,http://sh.58.com/pinpaigongyu/28740010564170x.shtml
【整租】万体馆 宜德苑 1室1厅,宜德苑,3500,http://sh.58.com/pinpaigongyu/28977716140726x.shtml
【整租】嘉定城区 胜悦嘉苑 3室1厅,胜悦嘉苑,3800,http://sh.58.com/pinpaigongyu/29028083063361x.shtml
【整租】江桥新城 嘉海雅苑 3室1厅,嘉海雅苑,4300,http://sh.58.com/pinpaigongyu/28955158291008x.shtml
【整租】延长路 C9连锁公寓 1室1厅,【整租】延长路,3000,http://sh.58.com/pinpaigongyu/28618081322950x.shtml
【整租】唐镇 齐友佳苑 1室1厅,齐友佳苑,3800,http://sh.58.com/pinpaigongyu/29016285829198x.shtml
【整租】鞍山 恒阳花苑海上花 1室1厅,恒阳花苑海上花,3680,http://sh.58.com/pinpaigongyu/28601105946796x.shtml
【整租】周家嘴路 霍山路1200弄 1室1厅,霍山路1200弄,3680,http://sh.58.com/pinpaigongyu/28983009503166x.shtml
【整租】金山新城 青年公寓 1室1厅,【整租】金山新城,3180,http://sh.58.com/pinpaigongyu/29008298834233x.shtml
【整租】延长路 平型关路465号 1室1厅,平型关路465号,3000,http://sh.58.com/pinpaigongyu/28754571713084x.shtml
【整租】平凉路 霍山路1188弄 1室1厅,霍山路1188弄,3680,http://sh.58.com/pinpaigongyu/28983047104838x.shtml
【整租】青浦新城 景瑞城中公园 1室1厅,景瑞城中公园,3680,http://sh.58.com/pinpaigongyu/28601092179633x.shtml
【合租】漕河泾 圣骊家园 3室主卧,圣骊家园,4290,http://sh.58.com/pinpaigongyu/28543923950505x.shtml
【整租】周家嘴路 霍山路1200弄 1室1厅,霍山路1200弄,3680,http://sh.58.com/pinpaigongyu/28518747631025x.shtml
【整租】武宁路 百合公寓 1室0厅,【整租】武宁路,3000,http://sh.58.com/pinpaigongyu/28995115983178x.shtml
【合租】徐家汇 海螺花园 4室主卧,海螺花园,3290,http://sh.58.com/pinpaigongyu/28543936014123x.shtml
【整租】江桥新城 嘉海雅苑 3室1厅,嘉海雅苑,4300,http://sh.58.com/pinpaigongyu/28955158291008x.shtml
【整租】延长路 C9连锁公寓 1室1厅,【整租】延长路,3000,http://sh.58.com/pinpaigongyu/28618081322950x.shtml
【整租】唐镇 齐友佳苑 1室1厅,齐友佳苑,3800,http://sh.58.com/pinpaigongyu/29016285829198x.shtml
【整租】张庙 V+Space国 1室1厅,V+Space国,3200,http://sh.58.com/pinpaigongyu/28762908360505x.shtml
【整租】天山路 C9连锁公寓天山 1室1厅,【整租】天山路,4000,http://sh.58.com/pinpaigongyu/28707491095497x.shtml
【整租】外滩/十六铺 V+Space国 1室1厅,V+Space国,3600,http://sh.58.com/pinpaigongyu/28644618254920x.shtml
【整租】九亭 亭中小区 3室1厅,亭中小区,5000,http://sh.58.com/pinpaigongyu/28942503119430x.shtml
【整租】浦江 滨浦五村 2室1厅,滨浦五村,3200,http://sh.58.com/pinpaigongyu/28944796872631x.shtml
【合租】万体馆 申达利宏大楼 3室主卧,申达利宏大楼,3190,http://sh.58.com/pinpaigongyu/28566877285815x.shtml
【整租】蓬莱公园 弘辉名苑 1室1厅,弘辉名苑,3000,http://sh.58.com/pinpaigongyu/28752802960454x.shtml
【整租】武宁路 百合公寓 1室0厅,【整租】武宁路,3080,http://sh.58.com/pinpaigongyu/28995113522601x.shtml
【整租】闸北周边 延长小区 1室1厅,延长小区,3500,http://sh.58.com/pinpaigongyu/28662552437191x.shtml
【整租】闸北周边 延长小区 1室1厅,延长小区,3080,http://sh.58.com/pinpaigongyu/28601008079793x.shtml
【整租】控江路 霍山路 1室1厅,霍山路,3680,http://sh.58.com/pinpaigongyu/29017511896776x.shtml
【整租】武宁路 百合公寓 1室0厅,【整租】武宁路,3880,http://sh.58.com/pinpaigongyu/28995054237877x.shtml
【整租】闸北周边 延长小区 1室1厅,延长小区,4300,http://sh.58.com/pinpaigongyu/28799245813200x.shtml
【整租】闸北公园 平型关 1室1厅,平型关,5000,http://sh.58.com/pinpaigongyu/28799301019695x.shtml
【整租】五角场 霍山路优家 1室1厅,霍山路优家,3680,http://sh.58.com/pinpaigongyu/28988333572777x.shtml
【整租】田林 未来域 壹极公寓 1室0厅,未来域,4168,http://sh.58.com/pinpaigongyu/28697821233205x.shtml
【整租】虹桥路 虹桥机场新村 1室1厅,虹桥机场新村,3300,http://sh.58.com/pinpaigongyu/28553969343663x.shtml
【整租】嘉定新城 远香舫嘉苑 3室1厅,远香舫嘉苑,4100,http://sh.58.com/pinpaigongyu/28753308233917x.shtml
【整租】新华路 锦海大厦 3室1厅,锦海大厦,3030,http://sh.58.com/pinpaigongyu/28553078421289x.shtml
【合租】万体馆 申达利宏大楼 3室主卧,申达利宏大楼,3490,http://sh.58.com/pinpaigongyu/28555132470323x.shtml
【整租】嘉定城区 绿洲丰怡园 3室1厅,绿洲丰怡园,3600,http://sh.58.com/pinpaigongyu/28743555945276x.shtml
【整租】嘉定城区 胜悦嘉苑 3室1厅,胜悦嘉苑,3900,http://sh.58.com/pinpaigongyu/29016669211452x.shtml
【合租】松江新城 上海松江万达广场 1室次卧,上海松江万达广场,3980,http://sh.58.com/pinpaigongyu/28973626249930x.shtml
【整租】上海大学 丰宝苑 2室1厅,丰宝苑,3800,http://sh.58.com/pinpaigongyu/28731863772083x.shtml
【整租】月浦 中冶祥腾宝月花园 3室1厅,中冶祥腾宝月花园,3300,http://sh.58.com/pinpaigongyu/28977904407362x.shtml
【整租】泗泾 新凯城尚樱苑 3室1厅,新凯城尚樱苑,4100,http://sh.58.com/pinpaigongyu/28599628422198x.shtml
【整租】顾村 新顾村大家园C区 3室1厅,新顾村大家园C区,4350,http://sh.58.com/pinpaigongyu/28944714183502x.shtml
【整租】运光/复旦 霍山路优家 1室1厅,霍山路优家,3280,http://sh.58.com/pinpaigongyu/28989394920904x.shtml
【合租】斜土路 新亚徐汇公寓 3室主卧,【合租】斜土路,3360,http://sh.58.com/pinpaigongyu/28543933072306x.shtml
【整租】长阳路 霍山路1191弄 1室1厅,霍山路1191弄,3680,http://sh.58.com/pinpaigongyu/28989220129086x.shtml
【合租】田林 田林十四村 3室主卧,田林十四村,3990,http://sh.58.com/pinpaigongyu/28775541672376x.shtml
【整租】平凉路 霍山路1188弄 1室1厅,霍山路1188弄,3680,http://sh.58.com/pinpaigongyu/28989234705218x.shtml
【整租】田林 未来域壹极公寓 1室1厅,【整租】田林,4168,http://sh.58.com/pinpaigongyu/28630353848142x.shtml
【整租】平凉路 霍山路1188弄 1室1厅,霍山路1188弄,3680,http://sh.58.com/pinpaigongyu/28554059863361x.shtml
【整租】周家嘴路 康阳小区 1室1厅,康阳小区,3680,http://sh.58.com/pinpaigongyu/28845009655725x.shtml
【整租】北新泾 馨兰小区 1室1厅,馨兰小区,5000,http://sh.58.com/pinpaigongyu/28974588865346x.shtml
【合租】龙华 住友公寓 3室次卧,【合租】龙华,3290,http://sh.58.com/pinpaigongyu/28954265879617x.shtml
【整租】顾村 新顾村大家园C区 3室1厅,新顾村大家园C区,4350,http://sh.58.com/pinpaigongyu/28944714183502x.shtml
【整租】外高桥 阳光城MODO自 1室1厅,阳光城MODO自,4600,http://sh.58.com/pinpaigongyu/29005991336765x.shtml
【整租】王港 金枫公寓 3室1厅,【整租】王港,4250,http://sh.58.com/pinpaigongyu/28607511951151x.shtml
【整租】浦江 一品漫城二期 1室1厅,一品漫城二期,3000,http://sh.58.com/pinpaigongyu/28851304884538x.shtml
【整租】共富新村 V+SPACE国 1室1厅,V+SPACE国,3860,http://sh.58.com/pinpaigongyu/28940647920558x.shtml
【整租】马陆 金沙湾绿地和苑 3室1厅,金沙湾绿地和苑,4100,http://sh.58.com/pinpaigongyu/28455350919721x.shtml
【整租】上海大学 葑润华庭 2室1厅,葑润华庭,3800,http://sh.58.com/pinpaigongyu/28963365659193x.shtml
【整租】顾村 新顾村大家园A区 3室1厅,新顾村大家园A区,4350,http://sh.58.com/pinpaigongyu/28631854185027x.shtml
【整租】唐镇 齐友佳苑 2室1厅,齐友佳苑,4800,http://sh.58.com/pinpaigongyu/29031199785645x.shtml
【整租】张江 申城佳苑C块 2室1厅,申城佳苑C块,4000,http://sh.58.com/pinpaigongyu/28952655517632x.shtml
【合租】漕宝路地铁口 宏润花园二期 3室主卧,宏润花园二期,3010,http://sh.58.com/pinpaigongyu/28954086045865x.shtml
【整租】平凉路 霍山路1188弄 1室1厅,霍山路1188弄,3680,http://sh.58.com/pinpaigongyu/28989289894855x.shtml
【整租】新华医院 霍山路 1室1厅,霍山路,3280,http://sh.58.com/pinpaigongyu/28982774102857x.shtml
【整租】五角场 城家公寓(国顺路 1室0厅,【整租】五角场,3300,http://sh.58.com/pinpaigongyu/28599322889531x.shtml
【整租】张江 万科泊寓国创店 1室1厅,万科泊寓国创店,3500,http://sh.58.com/pinpaigongyu/28556247144904x.shtml
【整租】新华医院 霍山路优家 1室1厅,霍山路优家,3680,http://sh.58.com/pinpaigongyu/29017538967504x.shtml
【整租】闸北周边 延长小区 1室1厅,延长小区,3500,http://sh.58.com/pinpaigongyu/28673827258822x.shtml
【整租】田林 未来域壹极公寓 1室1厅,【整租】田林,4300,http://sh.58.com/pinpaigongyu/28543917653691x.shtml
【整租】田林 未来域壹极公寓 1室1厅,【整租】田林,4000,http://sh.58.com/pinpaigongyu/28688517842234x.shtml
【整租】闸北周边 延长小区 1室1厅,延长小区,4998,http://sh.58.com/pinpaigongyu/28673809791808x.shtml
【整租】老西门 唐城公寓 1室1厅,【整租】老西门,3100,http://sh.58.com/pinpaigongyu/28763625391056x.shtml
【整租】曹路 爱法花园二期 2室1厅,爱法花园二期,3000,http://sh.58.com/pinpaigongyu/28666364063930x.shtml
【整租】川沙 馨汇佳苑 3室1厅,馨汇佳苑,3750,http://sh.58.com/pinpaigongyu/28942111012676x.shtml
【整租】华东理工 C9连锁公寓 1室1厅,【整租】华东理工,3000,http://sh.58.com/pinpaigongyu/28684441894728x.shtml
【整租】罗店 佳翔苑 3室1厅,佳翔苑,3000,http://sh.58.com/pinpaigongyu/28955281645506x.shtml
【整租】徐家汇 v领地青年创客社 1室1厅,v领地青年创客社,3500,http://sh.58.com/pinpaigongyu/28541362396721x.shtml
【合租】徐家汇 庆余公寓 3室主卧,【合租】徐家汇,3390,http://sh.58.com/pinpaigongyu/28564823908286x.shtml
【整租】南翔 漪园新村 3室1厅,漪园新村,4300,http://sh.58.com/pinpaigongyu/29007174765508x.shtml
【整租】罗店 美罗家园金丰苑( 4室2厅,美罗家园金丰苑(,4050,http://sh.58.com/pinpaigongyu/29029484581945x.shtml
【整租】外高桥 阳光城MODO自 1室1厅,阳光城MODO自,4600,http://sh.58.com/pinpaigongyu/29006819038274x.shtml
【整租】外高桥 阳光城MODO自 1室1厅,阳光城MODO自,4600,http://sh.58.com/pinpaigongyu/29006819038274x.shtml
【整租】曹路 舜峰家苑 3室1厅,舜峰家苑,4000,http://sh.58.com/pinpaigongyu/28765765381932x.shtml
【合租】万体馆 宏润花园 3室主卧,宏润花园,3530,http://sh.58.com/pinpaigongyu/28554360044727x.shtml
【整租】川沙 馨汇佳苑 2室1厅,馨汇佳苑,3000,http://sh.58.com/pinpaigongyu/28942094629809x.shtml
【整租】张江 申城佳苑A块 2室1厅,申城佳苑A块,4000,http://sh.58.com/pinpaigongyu/28952667495222x.shtml
【整租】外高桥 阳光城MODO自 1室1厅,阳光城MODO自,4600,http://sh.58.com/pinpaigongyu/29006032363328x.shtml
【合租】南京东路 汇通大厦 3室主卧,汇通大厦,3000,http://sh.58.com/pinpaigongyu/28610402461132x.shtml
【整租】浦江 华侨城一期 1室1厅,华侨城一期,3000,http://sh.58.com/pinpaigongyu/28600259011883x.shtml
【整租】外高桥 楼夏景园 3室1厅,楼夏景园,3900,http://sh.58.com/pinpaigongyu/28596510117303x.shtml
【整租】张江 申城佳苑A块 2室1厅,申城佳苑A块,4000,http://sh.58.com/pinpaigongyu/28962220125102x.shtml
【整租】高境 atway遇道 1室1厅,atway遇道,3200,http://sh.58.com/pinpaigongyu/28986278272700x.shtml
【整租】延长路 c9连锁公寓沪太 1室1厅,【整租】延长路,3000,http://sh.58.com/pinpaigongyu/28950920816188x.shtml
【整租】罗店 宝欣苑二村 4室2厅,宝欣苑二村,4200,http://sh.58.com/pinpaigongyu/28720086621236x.shtml
【整租】唐镇 唐丰苑 3室1厅,唐丰苑,5000,http://sh.58.com/pinpaigongyu/28986868765127x.shtml
【整租】川沙 华川家园 4室1厅,华川家园,5000,http://sh.58.com/pinpaigongyu/28732728714041x.shtml
【整租】马陆 金沙湾绿地和苑 2室1厅,金沙湾绿地和苑,3200,http://sh.58.com/pinpaigongyu/28455361692855x.shtml
【整租】川沙 川虹新苑(妙川路 2室1厅,川虹新苑(妙川路,3000,http://sh.58.com/pinpaigongyu/28966740774589x.shtml
【整租】唐镇 齐爱佳苑 3室1厅,齐爱佳苑,4500,http://sh.58.com/pinpaigongyu/28662310518587x.shtml
【整租】天山路 C9连锁公寓天山 1室1厅,【整租】天山路,4000,http://sh.58.com/pinpaigongyu/28751042927661x.shtml
【整租】周浦 东南三村 2室1厅,东南三村,3300,http://sh.58.com/pinpaigongyu/28619049002813x.shtml
【整租】地铁中山公园 波涛白领公寓 1室0厅,【整租】地铁中山公园,4000,http://sh.58.com/pinpaigongyu/28972745700290x.shtml
【整租】仙霞 C9连锁公寓天山 1室1厅,【整租】仙霞,4300,http://sh.58.com/pinpaigongyu/29017142356146x.shtml
【整租】王港 阳光花城同馨苑 2室1厅,阳光花城同馨苑,3550,http://sh.58.com/pinpaigongyu/29019400366272x.shtml
【整租】嘉定城区 远香舫庭苑 3室1厅,远香舫庭苑,3650,http://sh.58.com/pinpaigongyu/28963742106409x.shtml
【整租】天山路 c9公寓天山店 1室1厅,【整租】天山路,4500,http://sh.58.com/pinpaigongyu/29039127593674x.shtml
【整租】江桥新城 嘉海雅苑 3室1厅,嘉海雅苑,4500,http://sh.58.com/pinpaigongyu/29029173546696x.shtml
【整租】顾村 新顾村大家园A区 3室1厅,新顾村大家园A区,4500,http://sh.58.com/pinpaigongyu/28862631917626x.shtml
【整租】杨行 宝启花园 3室1厅,宝启花园,4450,http://sh.58.com/pinpaigongyu/28476804795323x.shtml
【整租】徐家汇 徐家汇花园 1室1厅,徐家汇花园,3500,http://sh.58.com/pinpaigongyu/28977517962572x.shtml
【整租】外高桥 阳光城MODO自 1室1厅,阳光城MODO自,4600,http://sh.58.com/pinpaigongyu/29017080059690x.shtml
【整租】唐镇 唐丰苑 1室1厅,唐丰苑,3700,http://sh.58.com/pinpaigongyu/28761660158026x.shtml
【整租】嘉定城区 绿洲丰怡园 3室1厅,绿洲丰怡园,3600,http://sh.58.com/pinpaigongyu/28720946796088x.shtml
【合租】徐家汇 余庆公寓 3室主卧,【合租】徐家汇,3500,http://sh.58.com/pinpaigongyu/28554508988864x.shtml
【整租】马陆 金沙湾绿地和苑 3室1厅,金沙湾绿地和苑,4100,http://sh.58.com/pinpaigongyu/28532329117615x.shtml
【整租】唐镇 齐友佳苑 1室1厅,齐友佳苑,3000,http://sh.58.com/pinpaigongyu/28641694326071x.shtml
【整租】张江 v+sapce国 1室1厅,v+sapce国,3300,http://sh.58.com/pinpaigongyu/28762895454505x.shtml
【合租】田林 华悦家园 3室主卧,华悦家园,3490,http://sh.58.com/pinpaigongyu/28563509536846x.shtml
【整租】南京西路 静安别墅 1室1厅,静安别墅,3200,http://sh.58.com/pinpaigongyu/28895788790571x.shtml
【整租】川沙 顺馨佳园 2室1厅,顺馨佳园,3500,http://sh.58.com/pinpaigongyu/28265778692938x.shtml
【整租】张江 申城佳苑C块 1室1厅,申城佳苑C块,3300,http://sh.58.com/pinpaigongyu/28972648796595x.shtml
【整租】上海南站 C9连锁公寓 1室1厅,【整租】上海南站,3500,http://sh.58.com/pinpaigongyu/28718639964101x.shtml
【整租】共康 中环国际公寓 1室1厅,【整租】共康,3668,http://sh.58.com/pinpaigongyu/28773532113728x.shtml
【整租】徐家汇 兆丰帝景苑 1室1厅,兆丰帝景苑,3000,http://sh.58.com/pinpaigongyu/29011155878733x.shtml
【整租】天山路 C9连锁公寓天山 1室1厅,【整租】天山路,4000,http://sh.58.com/pinpaigongyu/28762757593274x.shtml
【整租】虹桥路 c9公寓天山店 1室1厅,【整租】虹桥路,3500,http://sh.58.com/pinpaigongyu/29039105841739x.shtml
【整租】菊园新区 柳湖景庭 3室1厅,柳湖景庭,3300,http://sh.58.com/pinpaigongyu/28731682493235x.shtml
【整租】高境 atway遇道 2室1厅,atway遇道,4700,http://sh.58.com/pinpaigongyu/28994902425796x.shtml
【整租】唐镇 齐友佳苑 1室1厅,齐友佳苑,3700,http://sh.58.com/pinpaigongyu/29031216995246x.shtml
【合租】漕河泾 泰成花苑 3室次卧,泰成花苑,3790,http://sh.58.com/pinpaigongyu/28563991578298x.shtml
【整租】共富新村 V+Space国 1室1厅,V+Space国,3328,http://sh.58.com/pinpaigongyu/28739873168444x.shtml
【整租】肇嘉浜路 徐汇公园 1室1厅,徐汇公园,4500,http://sh.58.com/pinpaigongyu/29019255707727x.shtml
【整租】衡山路 宛平路295弄 1室1厅,宛平路295弄,4500,http://sh.58.com/pinpaigongyu/28975364170436x.shtml
【整租】华东理工 C9连锁公寓 1室1厅,【整租】华东理工,3000,http://sh.58.com/pinpaigongyu/28774404472492x.shtml
【整租】罗店 宝欣苑二村 3室1厅,宝欣苑二村,3000,http://sh.58.com/pinpaigongyu/28720058484935x.shtml
【整租】金桥 c9连锁公寓金桥 1室1厅,【整租】金桥,3000,http://sh.58.com/pinpaigongyu/28929828571335x.shtml
【整租】王港 同景苑 3室1厅,同景苑,4350,http://sh.58.com/pinpaigongyu/28607544855500x.shtml
【整租】川沙 馨汇佳苑 3室1厅,馨汇佳苑,3750,http://sh.58.com/pinpaigongyu/28965809423915x.shtml
【整租】嘉定城区 绿洲丰怡园 3室1厅,绿洲丰怡园,3600,http://sh.58.com/pinpaigongyu/28954326047532x.shtml
【整租】外高桥 阳光城MODO自 1室1厅,阳光城MODO自,4600,http://sh.58.com/pinpaigongyu/29005982784693x.shtml
【整租】嘉定城区 远香舫新苑 4室1厅,远香舫新苑,4800,http://sh.58.com/pinpaigongyu/28486547619378x.shtml
【整租】川沙 华川家园 3室1厅,华川家园,3900,http://sh.58.com/pinpaigongyu/28707397737651x.shtml
【合租】斜土路 徐汇江南新村 4室主卧,徐汇江南新村,3000,http://sh.58.com/pinpaigongyu/28972407629892x.shtml
【整租】马陆 金沙湾绿地和苑 3室1厅,金沙湾绿地和苑,4450,http://sh.58.com/pinpaigongyu/29017164676662x.shtml
【整租】唐镇 唐丰苑 1室1厅,唐丰苑,3900,http://sh.58.com/pinpaigongyu/29018497496500x.shtml
【整租】张江 申城佳苑A块 2室1厅,申城佳苑A块,4000,http://sh.58.com/pinpaigongyu/28962214050876x.shtml
【整租】马陆 金沙湾绿地和苑 3室1厅,金沙湾绿地和苑,4500,http://sh.58.com/pinpaigongyu/29018278150608x.shtml
【整租】月浦 中冶祥腾宝月花园 4室1厅,中冶祥腾宝月花园,4800,http://sh.58.com/pinpaigongyu/28944400808493x.shtml
【整租】徐家汇 海螺花园 1室1厅,海螺花园,3500,http://sh.58.com/pinpaigongyu/28977734280121x.shtml
【整租】古北 C9连锁公寓天山 1室1厅,【整租】古北,4300,http://sh.58.com/pinpaigongyu/28994607945550x.shtml
【整租】华东理工 C9连锁公寓 1室1厅,【整租】华东理工,3000,http://sh.58.com/pinpaigongyu/28763166393386x.shtml
【整租】王港 鑫港苑 2室1厅,鑫港苑,3450,http://sh.58.com/pinpaigongyu/29028082186828x.shtml
【整租】共和新路 c9公寓中兴店 1室1厅,【整租】共和新路,4000,http://sh.58.com/pinpaigongyu/29020065511866x.shtml
【整租】曹路 阳光苑(曹路) 3室1厅,阳光苑(曹路),3800,http://sh.58.com/pinpaigongyu/28554674557106x.shtml
【整租】曹路 金海华城永华苑 2室1厅,金海华城永华苑,3250,http://sh.58.com/pinpaigongyu/28586647037757x.shtml
【整租】天山路 C9连锁公寓 1室1厅,【整租】天山路,3600,http://sh.58.com/pinpaigongyu/28607383968810x.shtml
【整租】江桥新城 嘉海雅苑 2室1厅,嘉海雅苑,3200,http://sh.58.com/pinpaigongyu/28941857335622x.shtml
【合租】地铁中山公园 波涛白领公寓 1室主卧,【合租】地铁中山公园,3500,http://sh.58.com/pinpaigongyu/28972288010316x.shtml
【整租】川沙 华川家园 3室1厅,华川家园,3750,http://sh.58.com/pinpaigongyu/28965736509625x.shtml
【整租】上海大学 聚丰景都 2室1厅,聚丰景都,3800,http://sh.58.com/pinpaigongyu/28953498174401x.shtml
【整租】高境 atway遇道 1室1厅,atway遇道,3500,http://sh.58.com/pinpaigongyu/28920514011069x.shtml
【合租】松江新城 上海松江万达广场 1室主卧,上海松江万达广场,3780,http://sh.58.com/pinpaigongyu/28973557432237x.shtml
【整租】顾村 新顾村大家园C区 3室1厅,新顾村大家园C区,4350,http://sh.58.com/pinpaigongyu/28696543092299x.shtml
【整租】人民广场 V+Space国 1室1厅,V+Space国,3700,http://sh.58.com/pinpaigongyu/28668283591090x.shtml
【整租】王港 同景苑 2室1厅,同景苑,3350,http://sh.58.com/pinpaigongyu/28607558278846x.shtml
【整租】马陆 金沙湾绿地和苑 3室1厅,金沙湾绿地和苑,4300,http://sh.58.com/pinpaigongyu/28957383811766x.shtml
【合租】徐家汇 海螺花园 3室主卧,海螺花园,3690,http://sh.58.com/pinpaigongyu/28565408997932x.shtml
【整租】马陆 金沙湾绿地和苑 2室1厅,金沙湾绿地和苑,3200,http://sh.58.com/pinpaigongyu/28977800190794x.shtml
【合租】田林 爱建园 3室主卧,爱建园,3560,http://sh.58.com/pinpaigongyu/28556674931400x.shtml
【整租】唐镇 唐丰苑 1室1厅,唐丰苑,3900,http://sh.58.com/pinpaigongyu/29027552390729x.shtml
【整租】上海南站 C9连锁公寓 1室1厅,【整租】上海南站,3500,http://sh.58.com/pinpaigongyu/28565798919504x.shtml
【整租】川沙 南市街42弄 2室1厅,南市街42弄,3000,http://sh.58.com/pinpaigongyu/28963710786738x.shtml
【整租】高境 atway遇道 1室1厅,atway遇道,3200,http://sh.58.com/pinpaigongyu/28986777575470x.shtml
【整租】唐镇 齐友佳苑 1室1厅,齐友佳苑,3000,http://sh.58.com/pinpaigongyu/28642363051212x.shtml
【整租】彭浦 V+Space呼 1室1厅,V+Space呼,3360,http://sh.58.com/pinpaigongyu/28609195663670x.shtml
【整租】唐镇 金利公寓 1室1厅,【整租】唐镇,3000,http://sh.58.com/pinpaigongyu/28633172275020x.shtml
【整租】川沙 川虹新苑(妙川路 2室1厅,川虹新苑(妙川路,3000,http://sh.58.com/pinpaigongyu/28939957995699x.shtml
【整租】南桥 金辉天鹅湾 3室1厅,金辉天鹅湾,3000,http://sh.58.com/pinpaigongyu/28956103668808x.shtml
【整租】金桥 V+Space金 1室1厅,V+Space金,4300,http://sh.58.com/pinpaigongyu/28972308540855x.shtml
【整租】唐镇 齐友佳苑 1室1厅,齐友佳苑,3700,http://sh.58.com/pinpaigongyu/29031552674499x.shtml
【合租】长寿路 绿洲城市花园 4室次卧,绿洲城市花园,3000,http://sh.58.com/pinpaigongyu/28972802955435x.shtml
【整租】古北 C9连锁公寓天山 1室1厅,【整租】古北,4300,http://sh.58.com/pinpaigongyu/28994435012662x.shtml
【整租】浦江 V领地青年创客社 1室1厅,V领地青年创客社,3000,http://sh.58.com/pinpaigongyu/28853431522377x.shtml
【整租】川沙 华川家园 2室1厅,华川家园,3000,http://sh.58.com/pinpaigongyu/28966819644356x.shtml
【整租】江湾 丰镇路16弄小区 1室1厅,丰镇路16弄小区,3500,http://sh.58.com/pinpaigongyu/28972658021310x.shtml
【整租】老西门 丽园公寓 1室1厅,【整租】老西门,3100,http://sh.58.com/pinpaigongyu/28764800956201x.shtml
【整租】马陆 金沙湾绿地和苑 3室1厅,金沙湾绿地和苑,4000,http://sh.58.com/pinpaigongyu/28963648249394x.shtml
【整租】陆家嘴 陆家嘴金融中心大 1室1厅,陆家嘴金融中心大,3000,http://sh.58.com/pinpaigongyu/28687200567373x.shtml
【整租】上海大学 丰宝苑 3室1厅,丰宝苑,4800,http://sh.58.com/pinpaigongyu/28552399045802x.shtml
【合租】南京东路 中福城二期 4室次卧,中福城二期,3200,http://sh.58.com/pinpaigongyu/28972559706313x.shtml
【整租】月浦 新月鸿锦园 3室1厅,新月鸿锦园,3100,http://sh.58.com/pinpaigongyu/28966788324027x.shtml
【整租】月浦 新月鸿锦园 4室1厅,新月鸿锦园,3250,http://sh.58.com/pinpaigongyu/28443367881288x.shtml
【合租】徐家汇 海螺花园 3室主卧,海螺花园,3150,http://sh.58.com/pinpaigongyu/28554486239425x.shtml
【整租】新闸路 V+space国 1室1厅,V+space国,3210,http://sh.58.com/pinpaigongyu/28662760001479x.shtml
【整租】高境 atway遇道 1室1厅,atway遇道,3000,http://sh.58.com/pinpaigongyu/28986242427450x.shtml
【整租】菊园新区 汇丰凯苑 3室1厅,汇丰凯苑,3600,http://sh.58.com/pinpaigongyu/28954456217031x.shtml
【整租】马陆 金沙湾绿地和苑 3室1厅,金沙湾绿地和苑,4500,http://sh.58.com/pinpaigongyu/28953122657218x.shtml
【整租】嘉定城区 胜悦嘉苑 3室1厅,胜悦嘉苑,3600,http://sh.58.com/pinpaigongyu/28951157578796x.shtml
【整租】南翔 宏立瑞园 2室1厅,宏立瑞园,3400,http://sh.58.com/pinpaigongyu/29006360591805x.shtml
【整租】临平路 物华大楼 1室1厅,物华大楼,4480,http://sh.58.com/pinpaigongyu/28972390094638x.shtml
【整租】通河新村 V+Space 1室1厅,V+Space,3530,http://sh.58.com/pinpaigongyu/28609002561868x.shtml
【整租】唐镇 唐丰苑 1室1厅,唐丰苑,3700,http://sh.58.com/pinpaigongyu/29030578180816x.shtml
【整租】外高桥 港城新苑 3室1厅,港城新苑,5000,http://sh.58.com/pinpaigongyu/28752530664127x.shtml
【整租】华东理工 C9连锁公寓 1室1厅,【整租】华东理工,3000,http://sh.58.com/pinpaigongyu/28773699386178x.shtml
【合租】新华路 浦江大厦 3室主卧,浦江大厦,3790,http://sh.58.com/pinpaigongyu/28566158828989x.shtml
【整租】江桥新城 嘉海雅苑 2室1厅,嘉海雅苑,3200,http://sh.58.com/pinpaigongyu/29017791188274x.shtml
【整租】高境 atway遇道 1室1厅,atway遇道,3000,http://sh.58.com/pinpaigongyu/28986172387006x.shtml
【整租】川沙 川虹新苑(妙川路 3室1厅,川虹新苑(妙川路,3900,http://sh.58.com/pinpaigongyu/28720736365499x.shtml
【整租】延长路 C9连锁公寓 1室1厅,【整租】延长路,3000,http://sh.58.com/pinpaigongyu/28543797333942x.shtml
【整租】徐家汇 尊园 1室1厅,尊园,3500,http://sh.58.com/pinpaigongyu/28977526895174x.shtml
【整租】淮海中路 柳林大厦 1室1厅,柳林大厦,3250,http://sh.58.com/pinpaigongyu/28753907487410x.shtml
【整租】淮海中路 柳林大厦 1室1厅,柳林大厦,3250,http://sh.58.com/pinpaigongyu/28753907487410x.shtml
【合租】南京西路 中凯城市之光 3室主卧,中凯城市之光,3190,http://sh.58.com/pinpaigongyu/28565239575873x.shtml
【整租】嘉定城区 胜悦嘉苑 3室1厅,胜悦嘉苑,3600,http://sh.58.com/pinpaigongyu/28942104199370x.shtml
【整租】菊园新区 柳湖景庭 3室1厅,柳湖景庭,3200,http://sh.58.com/pinpaigongyu/28543457404611x.shtml
【整租】顾村 新顾村大家园B区 3室1厅,新顾村大家园B区,4500,http://sh.58.com/pinpaigongyu/28952987480763x.shtml
【整租】南翔 翔瑞新苑 3室1厅,翔瑞新苑,4500,http://sh.58.com/pinpaigongyu/28942084013253x.shtml
【整租】唐镇 齐友佳苑 1室1厅,齐友佳苑,3700,http://sh.58.com/pinpaigongyu/28983374909252x.shtml
【整租】南翔 宏立瑞园 3室1厅,宏立瑞园,4500,http://sh.58.com/pinpaigongyu/29007146234439x.shtml
【整租】张江 申城佳苑A块 3室2厅,申城佳苑A块,4500,http://sh.58.com/pinpaigongyu/28962249467848x.shtml
【整租】上海大学 聚丰景都 2室1厅,聚丰景都,3800,http://sh.58.com/pinpaigongyu/28964893527477x.shtml
【整租】新天地 淮海晶华 1室1厅,淮海晶华,3250,http://sh.58.com/pinpaigongyu/28753981073222x.shtml
【整租】川沙 华川家园 2室1厅,华川家园,3000,http://sh.58.com/pinpaigongyu/28754253285195x.shtml
【整租】上海大学 丰宝苑 2室1厅,丰宝苑,3800,http://sh.58.com/pinpaigongyu/28953478746165x.shtml
【合租】徐家汇 实业公寓 3室次卧,【合租】徐家汇,3050,http://sh.58.com/pinpaigongyu/28554493742920x.shtml
【整租】川沙 华川家园 3室1厅,华川家园,3900,http://sh.58.com/pinpaigongyu/28851482982205x.shtml
【合租】古美罗阳 阳光美景城一期 3室主卧,阳光美景城一期,3000,http://sh.58.com/pinpaigongyu/28972747732284x.shtml
【整租】北新泾 C9连锁公寓天山 1室1厅,【整租】北新泾,4000,http://sh.58.com/pinpaigongyu/28540760702778x.shtml
【整租】外高桥 阳光城MODO自 1室1厅,阳光城MODO自,4600,http://sh.58.com/pinpaigongyu/29006409706549x.shtml
【整租】外高桥 楼下佳苑 2室1厅,楼下佳苑,3100,http://sh.58.com/pinpaigongyu/28596811844148x.shtml
【整租】松江新城 上海松江万达广场 1室1厅,上海松江万达广场,3280,http://sh.58.com/pinpaigongyu/28975901711814x.shtml
【整租】曹路 中虹家园 3室1厅,中虹家园,3400,http://sh.58.com/pinpaigongyu/28665923721673x.shtml
【整租】上海植物园 C9连锁公寓 1室2厅,【整租】上海植物园,4800,http://sh.58.com/pinpaigongyu/28585077027113x.shtml
【整租】罗店 宝欣苑 4室1厅,宝欣苑,3600,http://sh.58.com/pinpaigongyu/28944270520106x.shtml
【整租】曹路 金群苑 3室1厅,金群苑,3350,http://sh.58.com/pinpaigongyu/28665863266494x.shtml
【整租】通河新村 V+Space呼 1室1厅,V+Space呼,3400,http://sh.58.com/pinpaigongyu/28607503314092x.shtml
【整租】唐镇 唐丰苑 1室1厅,唐丰苑,3600,http://sh.58.com/pinpaigongyu/29027541721908x.shtml
【整租】上海大学 聚丰景都 3室1厅,聚丰景都,4800,http://sh.58.com/pinpaigongyu/28719546483900x.shtml
【整租】川沙 华川家园 3室1厅,华川家园,3800,http://sh.58.com/pinpaigongyu/28963738820941x.shtml
【整租】老西门 老西门新苑 1室1厅,老西门新苑,3200,http://sh.58.com/pinpaigongyu/28763036999872x.shtml
【整租】张江 玉兰香苑一期B组 1室1厅,玉兰香苑一期B组,4000,http://sh.58.com/pinpaigongyu/28972128552636x.shtml
【整租】外高桥 阳光城MODO自 1室1厅,阳光城MODO自,4600,http://sh.58.com/pinpaigongyu/29008602666805x.shtml
【整租】川沙 川虹新苑(妙川路 2室1厅,川虹新苑(妙川路,3000,http://sh.58.com/pinpaigongyu/29017123496650x.shtml
【整租】川沙 川虹新苑(妙川路 3室1厅,川虹新苑(妙川路,4000,http://sh.58.com/pinpaigongyu/29017133426245x.shtml
【合租】徐家汇 爱博大厦 3室主卧,爱博大厦,3190,http://sh.58.com/pinpaigongyu/28610826165584x.shtml
【整租】上海大学 葑润华庭 2室1厅,葑润华庭,3800,http://sh.58.com/pinpaigongyu/28957346864946x.shtml
【整租】外高桥 阳光城MODO自 1室1厅,阳光城MODO自,4600,http://sh.58.com/pinpaigongyu/29008934043327x.shtml
【整租】马陆 金沙湾绿地和苑 3室1厅,金沙湾绿地和苑,4200,http://sh.58.com/pinpaigongyu/28932791635404x.shtml
【整租】老西门 永惠大厦 1室1厅,永惠大厦,3250,http://sh.58.com/pinpaigongyu/28763485673007x.shtml
【整租】外高桥 阳光城MODO自 1室1厅,阳光城MODO自,4600,http://sh.58.com/pinpaigongyu/29017111278281x.shtml
【整租】唐镇 瀚盛家园 3室1厅,瀚盛家园,5000,http://sh.58.com/pinpaigongyu/28629665632321x.shtml
【合租】田林 明佳公寓 3室主卧,【合租】田林,3090,http://sh.58.com/pinpaigongyu/28553865993294x.shtml
【整租】嘉定城区 胜悦嘉苑 3室1厅,胜悦嘉苑,3600,http://sh.58.com/pinpaigongyu/28486563125934x.shtml
【整租】上海大学 葑润华庭 2室1厅,葑润华庭,3800,http://sh.58.com/pinpaigongyu/28963562308398x.shtml
【整租】唐镇 唐丰苑 1室1厅,唐丰苑,3750,http://sh.58.com/pinpaigongyu/29030581502639x.shtml
【整租】川沙 华川家园 3室1厅,华川家园,3800,http://sh.58.com/pinpaigongyu/28957276617917x.shtml
【合租】徐家汇 爱乐大厦 4室主卧,爱乐大厦,3490,http://sh.58.com/pinpaigongyu/28553616084285x.shtml
【整租】高境 atway遇道 1室1厅,atway遇道,3300,http://sh.58.com/pinpaigongyu/28994623452086x.shtml
【整租】南翔 宏立瑞园 2室1厅,宏立瑞园,3400,http://sh.58.com/pinpaigongyu/29006362726325x.shtml
【整租】高境 atway遇道 1室0厅,atway遇道,3200,http://sh.58.com/pinpaigongyu/28986318956602x.shtml
【整租】金桥 东五小区(浦东) 2室1厅,东五小区(浦东),4700,http://sh.58.com/pinpaigongyu/28510683931582x.shtml
【整租】徐家汇 中科小区 1室1厅,中科小区,3900,http://sh.58.com/pinpaigongyu/28541435743419x.shtml
【整租】杨行 和家欣苑D区 3室1厅,和家欣苑D区,4300,http://sh.58.com/pinpaigongyu/28453089728068x.shtml
【整租】高境 atway遇道 1室1厅,atway遇道,3200,http://sh.58.com/pinpaigongyu/28986553102286x.shtml
【整租】罗店 佳翔苑 3室1厅,佳翔苑,3000,http://sh.58.com/pinpaigongyu/28754633690570x.shtml
【整租】嘉定城区 胜悦嘉苑 3室1厅,胜悦嘉苑,3800,http://sh.58.com/pinpaigongyu/28944502755911x.shtml
【整租】虹桥路 C9连锁公寓天山 1室1厅,【整租】虹桥路,4000,http://sh.58.com/pinpaigongyu/28751078638155x.shtml
【整租】罗店 佳翔苑 3室1厅,佳翔苑,3000,http://sh.58.com/pinpaigongyu/28862901876942x.shtml
【整租】唐镇 唐丰苑 1室1厅,唐丰苑,3700,http://sh.58.com/pinpaigongyu/29028143830726x.shtml
【整租】天山路 c9公寓天山店 1室1厅,【整租】天山路,3500,http://sh.58.com/pinpaigongyu/29039092575148x.shtml
【整租】马陆 金沙湾绿地和苑 3室1厅,金沙湾绿地和苑,4500,http://sh.58.com/pinpaigongyu/29017163215298x.shtml
